1.785079313298441051e-01,-8.301210171640300839e-01,6.243258880237725350e-01,8.186118271434050797e-01,2.575886064488668303e-01,3.766862050825594554e-01,-8.891270707759548753e-01,-8.540456262278341981e-01,-6.406588880145598353e-01,-4.523430653362454645e-01,5.197122336797077580e-01,1.000000000000000000e+00
4.005456594647298640e-01,-6.089040272455552572e-01,3.472762263441737662e-01,7.992383843671677646e-01,-5.128410914052115022e-01,-7.560002086966246537e-01,6.708479453597371300e-01,8.328928727724875802e-01,-5.702761151082127444e-01,4.427610984693284291e-01,1.818389261047432814e-01,-1.000000000000000000e+00
6.976278289160804391e-01,9.931031685042794876e-01,9.723562248404933328e-01,-5.273976086297418320e-01,-3.231088926750951273e-01,-4.506859993440970324e-01,-6.006408973252510552e-01,-6.997279735671668721e-01,2.348802513572900708e-02,7.449975647938062995e-01,1.797351365215917873e-01,-1.000000000000000000e+00
8.678563589105983134e-01,8.242312638456343876e-01,1.211454084356304861e-01,-3.448877099665648149e-01,2.798076740617676528e-01,-3.878560095535323882e-01,-1.754614813992005917e-01,-1.085500304162809737e-01,-3.960996471708064792e-01,-3.163452705119509378e-01,-9.853737620656308760e-01,1.000000000000000000e+00
-8.678379234885365001e-01,-6.930569808615862915e-01,7.124605671335590973e-01,1.780896759634069682e-01,-3.154340144407168367e-01,5.295579572675102042e-02,-4.773732168434219325e-01,1.676846346943499100e-01,-8.507382335282027697e-01,8.053013979291026025e-01,-5.191068306327706328e-01,1.000000000000000000e+00
4.618070703414551836e-01,-1.883520072270230550e-01,8.061498007174268121e-01,2.535790816931910996e-01,9.531060111913269850e-01,-5.086604485444379264e-01,8.479167564775913490e-01,-2.858884707038913398e-01,2.439349246007580518e-01,-6.509835731055193531e-01,5.195702402776485318e-01,-1.000000000000000000e+00
-6.858106543704218794e-01,-4.729419077874890132e-01,9.102904869831982548e-01,-5.481184124149030001e-01,-8.863903989842503162e-01,1.000989438250190489e-01,-4.761720848948547413e-01,9.148698056109167975e-01,1.495357888441071204e-01,9.316294694086018069e-01,5.711532595579231764e-01,-1.000000000000000000e+00
-9.517985058402067544e-01,8.782661340294763974e-01,-7.643422753298976247e-01,5.482835417277527323e-01,-2.314597063794654463e-01,6.211658566217461708e-01,5.005745295697285879e-01,2.664370842301329034e-01,8.784450340963514403e-01,-8.021530385073223357e-01,5.971582570253193278e-01,-1.000000000000000000e+00
1.151473735101760099e-01,3.301425173747432051e-01,-8.882258664126696512e-01,5.227982346368793554e-01,-7.444431705790266474e-01,9.296423595801219797e-01,5.985745524932912787e-01,-1.426404232316969001e-02,8.483339144601724779e-01,-6.618534356705572108e-01,9.833279277567537058e-01,-1.000000000000000000e+00
-8.495034340064429035e-01,-1.592349167444784275e-01,-6.450122431808087420e-01,-7.914748809312091016e-01,-4.755129103376414257e-01,4.840927212013532710e-01,-8.539633912057411624e-01,-1.035481815243080028e-01,6.521743191280571228e-01,-4.641503697189424127e-01,-3.962515695391750636e-01,1.000000000000000000e+00
-7.127803507886754097e-01,3.714731725130215878e-02,4.984561895520702723e-01,1.289249265830010316e-01,7.465853304006291324e-01,-3.682551529549717984e-01,1.900931833546000149e-01,3.224834221910093390e-01,-4.386194465487471827e-01,-2.073917878103581636e-01,1.818797486013579157e-01,-1.000000000000000000e+00
-2.858862053870212527e-01,-3.809007989645429859e-02,7.802350176488814792e-01,4.450817733315446389e-01,-7.103430706113391668e-01,-1.227727501063762272e-01,8.582372998496445859e-02,4.042514485600672280e-01,1.436286631946801506e-01,-8.533022664264588997e-02,5.310952992559396790e-01,-1.000000000000000000e+00
-9.917396217230085576e-01,-1.532990125060011977e-01,3.742752281240584455e-01,2.450043595650535089e-01,-1.086004178088559868e-01,-3.961167261250919669e-01,-5.122531581433276138e-02,-9.697943809206119870e-01,-8.522587610924954316e-01,-6.746464182539901877e-01,2.508107140278095226e-01,1.000000000000000000e+00
9.277598592669260569e-01,6.729768930006494454e-01,4.467286949547706332e-01,3.547024891867489593e-02,-2.114504881340182330e-01,-9.713052775755359747e-02,5.292200157050184206e-01,1.085959235168092452e-01,5.293079705852585803e-01,9.397459408660053803e-01,2.810283015426213726e-01,-1.000000000000000000e+00
9.243840687018467506e-02,1.537908420849778413e-01,3.021763547566773678e-01,-9.950873182162540687e-01,6.853793428673371491e-01,-4.637186919350717584e-01,-5.567186250743461073e-02,6.831365140903680189e-01,9.937122939013796064e-01,5.897670095710381144e-01,-9.503335254280469435e-01,-1.000000000000000000e+00
-7.111557978838940475e-01,6.067884613525553750e-01,-8.191166245418606273e-01,2.192547627128831333e-01,1.887383450213122593e-01,-3.303513228690337922e-01,-7.291828850035502185e-01,5.992742546611797838e-01,-7.615117576535612720e-02,4.505457829559051941e-01,-9.670283958933290069e-01,1.000000000000000000e+00
-6.999609073012058591e-01,-7.161102494954894038e-01,-6.433117764929252580e-02,2.853228168007542198e-01,-9.469073274001140739e-01,-6.581760770318911824e-04,-8.336592964894247171e-01,-5.173524463943783847e-01,4.247952395822733873e-01,4.777298951535200455e-01,4.594649011397824445e-01,1.000000000000000000e+00
-3.261614822496812227e-01,-4.175522605064800885e-01,1.925043572173610329e-01,-1.073913536116313239e-01,4.656841631012826888e-01,-9.457316192756741735e-01,8.537816931284933908e-01,1.351865842557000708e-01,3.681334044299493513e-01,2.091729494236165277e-01,9.782632126192607469e-01,-1.000000000000000000e+00
-5.778675291002326464e-01,6.995591388552599987e-01,3.914877431234151661e-01,-7.577658490767960053e-01,1.102312551810014085e-01,8.598151614639126805e-01,2.377920977839014238e-01,5.761479674885028324e-02,-2.673536186277170046e-01,5.775762813804303786e-01,8.261184277672835030e-01,-1.000000000000000000e+00
3.573197262599656643e-01,4.589601825370019927e-01,-4.940089911515295196e-01,-6.596075677134398685e-01,4.437193060524204924e-01,-4.030385416770130291e-01,-5.551276928265491684e-01,-5.707829930404337837e-01,-7.031981348783844510e-01,-1.463686886496442519e-01,-4.781028499501047691e-01,1.000000000000000000e+00
-4.629740097230861107e-01,-5.897294978925542441e-01,-7.057316397108148731e-01,3.948248587292850775e-01,1.336756626709334483e-01,-9.213085849977864505e-02,-6.210058831203715268e-01,-4.447638874366868222e-01,-2.877979019508143388e-01,5.709653716646088117e-01,9.783788671471387310e-01,1.000000000000000000e+00
-5.795482307149204537e-01,-2.314324425540761343e-01,-9.753531471666156971e-01,8.062878787936882397e-01,-7.912966493359721021e-01,-2.853414811558585562e-01,6.850364286505257194e-01,5.837958774959037811e-01,6.830020401425180854e-01,8.282151815499061431e-01,8.221415772993987403e-01,-1.000000000000000000e+00
6.767838643470538429e-01,-6.297193360521049499e-01,-7.155151338085572466e-01,6.694048703930646216e-01,8.286858806150920742e-02,2.535395117391519015e-01,6.184121493311598439e-01,-5.765070728256764809e-01,-7.270304001905198987e-01,7.180885255683118196e-01,-7.764517881675934152e-01,1.000000000000000000e+00
-3.350450469173802404e-01,-7.976769527463829501e-01,1.282934943262348249e-01,-1.874404175770858494e-01,1.810223208746108980e-01,-5.329400752647357464e-01,-2.425422698125594412e-01,9.450167474327559880e-01,8.730724180746611829e-01,7.287634876301201103e-01,5.582417248181146263e-01,-1.000000000000000000e+00
-6.163342887775939971e-01,-1.486891295854626538e-01,-6.316668392878770355e-01,-6.458561886269875707e-01,-7.818460966213209851e-01,1.885202208324743278e-01,4.786027460421524715e-01,-8.863107954149116452e-01,-4.488963160880448111e-01,3.167367972887864536e-01,-2.153679550729503678e-01,1.000000000000000000e+00
-6.307352856791408335e-01,-6.260673878725742103e-01,7.161368897326312322e-01,-6.876905016049874586e-01,7.253018837568609989e-01,-8.265669831137207879e-01,8.132885997012673229e-01,-4.872929961573251312e-01,2.229961239804061357e-01,-6.805456304423760372e-01,-2.198887366527870757e-01,1.000000000000000000e+00
-8.891155076955379322e-01,-9.773738284533741716e-01,-9.239479869213247376e-01,7.173213494955086311e-01,3.944858355594933474e-01,9.918623317960841845e-01,-9.593745437565868173e-01,6.980031021506387656e-01,3.921126585324870018e-01,2.806848629529858918e-01,-2.869357487616321922e-01,1.000000000000000000e+00
-3.987356307910661091e-01,-4.789212567730649628e-01,4.862783798154730608e-01,-5.537735704777828616e-01,-1.831739116594286454e-01,-4.508858413663445752e-01,-5.227298317636566161e-01,2.541922220414414291e-01,-9.091427674839549500e-01,5.777974740074172111e-01,9.246812790677627625e-02,1.000000000000000000e+00
-4.988170716024562523e-01,-7.579395505193198268e-02,2.816815057491057761e-01,2.004999817312904664e-01,4.239855882331666770e-02,4.745364272448469034e-01,6.918911185543070719e-01,9.979338148342509207e-01,-6.897890010272433869e-02,9.899132422529055564e-01,4.609988205557418173e-01,-1.000000000000000000e+00
-3.661912603510633080e-01,4.290054934004436937e-01,1.022281480893008077e-01,-5.087922897516954368e-01,3.365509339480634576e-01,7.695287880748484799e-01,-3.799720135893380757e-01,6.246637700467931875e-01,-3.277392871862871981e-01,6.422424768513579352e-01,-8.976979225064227741e-01,-1.000000000000000000e+00
9.592632568876191534e-01,-2.015609175433403788e-01,-3.662604727143254912e-01,-1.630638485095186052e-01,-7.684041469670315205e-01,-6.079609434330037754e-01,1.780428358112651210e-02,5.976943279247561858e-01,7.528533802297123767e-01,7.319695351672212968e-01,8.895017368477231567e-01,-1.000000000000000000e+00
-1.536123869929737484e-01,-3.524095232121571275e-01,-3.966646899860104547e-02,7.614569556979329246e-01,9.473238675316986157e-01,-9.943142252322993979e-01,4.780630862262522651e-01,2.301624006260416522e-01,9.890242943726903491e-01,-8.201372082226607851e-01,6.226926031554060881e-01,-1.000000000000000000e+00
-1.613585994381447897e-01,7.198017807663230627e-01,9.876541444577482398e-01,6.517913636191485782e-01,1.162363561961439196e-01,-8.052679184502333776e-01,9.089682973191375304e-01,7.200916004361350709e-01,6.828216974742284950e-01,-2.163642113735837480e-01,-1.056572427990092322e-01,-1.000000000000000000e+00
4.139964099214716864e-01,3.685335956071809083e-01,5.554804225931464501e-03,-3.203232116309815414e-01,-3.378966128251208456e-01,-8.845785322209775980e-01,7.992602785448510438e-01,5.387890474535133034e-01,2.466864826029886437e-01,-2.078365135715514178e-01,1.649314613017545117e-01,-1.000000000000000000e+00
-9.855693722487219866e-01,-7.734758974624640349e-01,7.478856155490800628e-01,6.744370611931427284e-02,1.882025901705950410e-01,6.844109367218478290e-01,-8.987083897167309487e-01,-2.257859148297309826e-01,2.861807188981162486e-01,-1.906396712862437059e-01,-9.357395987050860509e-01,1.000000000000000000e+00
-4.058422724767041245e-01,-5.538925167998320909e-02,-6.539852595652786427e-01,6.111691537060028878e-01,7.527404425715067404e-02,5.877613363589653250e-01,-7.437931352572173527e-01,6.410225155172426525e-01,9.165258543722734075e-01,-2.950920279268096635e-01,-4.320951910648571648e-01,-1.000000000000000000e+00
6.091469105591329480e-03,-8.924141125445319567e-01,4.702989218617672496e-01,2.362127376107348020e-02,-6.543522930060836629e-01,3.614617074935990715e-01,3.901312121241100606e-01,-5.730090611742868489e-01,5.929901454488863966e-01,-8.699054823797025549e-02,-6.387807749858849249e-01,1.000000000000000000e+00
-5.935274199255990979e-02,-5.373065368245903972e-01,-2.323923501098819067e-01,9.798116272480172917e-01,-7.083939750334371510e-01,8.536651976944242826e-02,7.330515979630194412e-01,-9.399663795878154815e-02,2.112205311460377821e-01,6.555863048221073353e-01,9.512271620870915712e-02,-1.000000000000000000e+00
-2.481674085331180279e-01,-3.953078233698044119e-01,6.498356855497218199e-01,3.794447712933177730e-01,6.756673638417569627e-01,-2.324794108924672642e-01,1.916205694601884613e-01,3.091089839382132887e-02,-5.054690311308185358e-02,-4.237935804576544729e-01,4.184412609825649554e-01,-1.000000000000000000e+00
1.383196345026025398e-01,-2.423603940657037548e-02,7.242515622486267457e-01,3.071004874957328212e-01,-6.831410103895865227e-01,-7.142625463128857710e-01,1.149744550526443643e-01,-9.070672752884081369e-01,-2.129381080211314448e-01,-2.019778416970017254e-01,-6.073337575806587729e-01,1.000000000000000000e+00
9.743102808545374138e-01,5.412814660035107917e-01,4.404750313673728712e-01,-5.667688347857184894e-01,8.103132012324640865e-01,-5.215844502446920217e-02,-4.046880942670274539e-01,3.096671762101361747e-01,-5.764960780271879415e-01,8.151312614762296072e-01,7.086873021339357148e-01,-1.000000000000000000e+00
4.336380900214926726e-01,-8.032441727615147187e-01,7.318300827633694716e-02,4.217527369247968672e-01,2.260445233565060441e-01,-1.521012021150396354e-01,-5.037142880748906038e-01,-5.235410132448166109e-01,8.539007429245006886e-01,-5.305184986339890330e-01,9.248100681064537198e-01,-1.000000000000000000e+00
5.409983289078181823e-01,1.648473288602401166e-01,1.230985332762228879e-01,-9.741609307334142542e-01,4.451405361193923049e-01,-5.466465695213293952e-01,6.573948377867917525e-01,1.076081703184428306e-01,9.744957597975643093e-01,-5.794530317912949258e-01,4.469307224537377721e-01,-1.000000000000000000e+00
4.347929675792538973e-01,2.679416108924039808e-01,-8.579243450414528738e-01,-6.493291450314511160e-01,-1.436924915092261390e-01,9.527495387159752305e-01,-3.311826028325706162e-01,2.599509250315485964e-01,9.778120663991878292e-01,-4.719498822008063588e-01,-6.666659535168415474e-01,1.000000000000000000e+00
7.941004370929287681e-01,7.156187796160313752e-01,-7.513380492431431801e-01,9.325411191832351232e-01,9.926833707667401807e-01,2.122930334580013234e-01,5.662201017198962294e-01,8.673740751036327357e-01,-9.599512190607399909e-01,8.599800485959629981e-01,2.547322755182157561e-01,-1.000000000000000000e+00
6.286618246023425449e-01,6.393182939319281832e-01,-8.577632393657830256e-02,-3.984223141920510969e-01,1.953343054180716187e-01,6.210602979136208290e-01,-8.708584039983124914e-01,9.068470866532047925e-01,2.918005498832114686e-01,-2.037044873887117191e-01,1.203847107321132093e-02,-1.000000000000000000e+00
-3.541145981290063638e-01,-5.542531625028113140e-02,3.384392116306944587e-01,9.182477121278396215e-01,4.030204999391795440e-02,9.933594783075527790e-01,-3.497884223564620143e-01,5.298389322752061759e-02,-7.687688839665907103e-01,1.128791481447439793e-01,7.262661912286905164e-02,-1.000000000000000000e+00
7.283759868613426391e-02,-5.759216657664265604e-01,-6.523599883332265037e-02,1.867376051773494972e-01,7.323899428576350346e-01,6.674352001319943106e-01,-1.470403289673687386e-01,2.953516381950980207e-01,-4.043904406685852049e-01,2.660066188995284797e-01,8.255848900585502914e-01,-1.000000000000000000e+00
7.176035778262357390e-02,-7.541203247352066263e-01,6.483260493337641428e-01,-5.565102256741145670e-01,-2.595660482115766943e-01,-1.424857481503789547e-01,-3.206015054524922192e-01,-1.910965254114791456e-01,5.909612551613265818e-01,-5.532819801909780733e-01,-5.916288071443731589e-02,1.000000000000000000e+00
-7.568164212017602921e-01,3.613859611031777774e-01,-7.422617724749565049e-01,-3.546499975713415242e-01,-5.439886452843747389e-01,7.786878778124473044e-02,-3.049922335435035770e-01,-6.802935263264981991e-01,5.816287288354062834e-01,-6.301675912374560262e-02,-9.110192082314116924e-02,1.000000000000000000e+00
-7.606764458498684878e-01,8.757459674338774480e-01,8.864687265332849009e-01,-4.911174642785409716e-01,3.920156219467541003e-01,-5.930205251725271243e-01,-2.141058392636430163e-01,-3.952372558304584338e-01,-2.208180046054617485e-01,-3.820545829146400063e-01,-3.094173486847429100e-01,1.000000000000000000e+00
-1.011243851899383817e-01,8.508988931880827611e-01,-9.182683170829022412e-01,3.098570132056330806e-01,-3.723272026948380997e-01,1.189541115973176133e-01,3.118346869820454170e-01,-1.183573698767959037e-01,-7.032512321235291353e-01,3.807625937680403361e-02,8.659123319311778921e-01,-1.000000000000000000e+00
-2.624916584381880025e-01,-5.055787277339902630e-01,9.282634658108785963e-01,-4.715421670447319524e-01,8.867003806788862352e-01,8.750350270038012024e-01,6.788206258506210844e-01,-8.038564666035186157e-01,-9.960095439870308986e-01,5.877661684274271270e-01,6.865981151825317763e-01,-1.000000000000000000e+00
5.592061698911510170e-01,-3.878660609298996143e-01,-7.906150345439015847e-01,-4.169729090617126932e-01,-1.946915773210200484e-01,3.797626929540336427e-01,8.787171340608488368e-01,6.185850287130938430e-01,-4.671994288197600653e-01,6.406013627411708544e-01,-1.765064494901842362e-01,-1.000000000000000000e+00
9.565008680733009250e-01,5.748522327842391366e-01,2.315934849872083312e-01,-1.035720491738600924e-01,-3.095273843864920771e-01,-1.619747669629676423e-01,-3.434233744699952684e-01,6.654197340099177183e-01,7.862222464549961654e-01,8.993153714194772608e-01,-1.632753561842994472e-01,-1.000000000000000000e+00
1.909810887958784953e-01,-2.952866323516170066e-01,8.743679578089531557e-01,-3.245311995446455988e-01,6.717188704522121245e-01,-1.913835681433220248e-01,5.343680030031898731e-01,8.237558311614663342e-01,-6.878576607850339641e-02,5.227042448019703080e-02,-3.393141881344290400e-01,-1.000000000000000000e+00
5.749663548437657923e-01,-1.024090565523150254e-02,-2.540938883464709530e-01,-6.291293314722645746e-01,7.325602128148724912e-01,8.073795647197723468e-01,3.735603438972545653e-02,8.425494344980752892e-01,-7.042207494345853469e-02,-7.855150527989624987e-01,-9.659208478940561893e-01,-1.000000000000000000e+00
-7.484569524436277543e-01,-9.180594313169725407e-01,-7.885375639010694382e-01,2.014845066649022520e-01,1.122379715531489630e-01,3.424201261406252250e-01,-2.578187191685428203e-01,-2.168223880973869644e-01,9.115017971650196671e-02,-8.418877731389846630e-01,5.997443322722042502e-01,1.000000000000000000e+00
6.648941445506486581e-01,8.643813345072268728e-01,-1.632839330666235877e-01,1.024999381461049186e-01,8.119085000234422811e-01,-3.663971994362222873e-01,5.932852746780226116e-01,9.839332142266106196e-01,3.038713226371170251e-01,9.674079556669008539e-01,3.162486341052672678e-02,-1.000000000000000000e+00
1.586616133406293372e-01,-6.343519207186065767e-01,-7.526891866040015255e-01,9.472025802928540905e-01,7.865352306044308683e-01,3.201342641437197045e-01,7.221085425105089328e-01,-8.088792540091342964e-01,4.587524966390876813e-01,-4.287913092806538984e-01,7.898638272374647329e-02,-1.000000000000000000e+00
-2.775275268571630871e-01,-5.239086462793696164e-01,9.914557109173365301e-01,5.665006807768127040e-01,7.200341400222129984e-01,8.442937937013215155e-01,3.300019831966487516e-01,-6.480468648228707718e-01,5.170521389510851495e-01,-9.687770667456294671e-01,-7.735391215786822094e-01,-1.000000000000000000e+00
3.415705631961674094e-01,-3.705585149231951370e-01,9.194438277005123616e-02,2.892553598875706733e-01,4.725428699606428751e-01,-6.258805588743900916e-01,-7.957729580195074259e-01,-7.958882175336152720e-01,-4.122626761525969297e-01,-6.916536918951787793e-01,7.128314595045814883e-02,1.000000000000000000e+00
4.869683521266374715e-01,9.878216594659994243e-02,5.583625738639406144e-01,-1.779008103642742977e-01,-8.162133660039609939e-01,2.369755385451417506e-01,1.140751212882780141e-01,9.072070630957138615e-01,-6.757397217065086448e-01,3.122658884888154240e-01,-5.185307857124765718e-02,-1.000000000000000000e+00
-8.509936714459536145e-01,-6.483046309447602074e-01,-7.723238322233749731e-01,-6.165864580765245684e-01,3.729761365123012151e-01,-9.060058549756242474e-01,-9.242687757858991660e-01,-9.366957950328906879e-01,3.952982492150625138e-01,7.227094479037865504e-02,-2.595151766622239009e-01,1.000000000000000000e+00
-3.872797939179484228e-01,-6.787150364044469697e-02,-5.275929459386552445e-01,-6.637486115016557608e-01,-1.292944713593469075e-02,4.733679777214236939e-01,-5.550703479242582450e-01,8.190746259834114085e-01,-6.635447224986663617e-01,1.168231529284282644e-01,5.527665170726661081e-01,1.000000000000000000e+00
-2.857921697633041269e-01,9.256802409265167952e-01,7.688916287241354119e-02,-9.681886473835332740e-01,-5.266197463259825184e-02,-9.952439381352264913e-01,4.754156266459164115e-01,1.318902271173465479e-01,-7.803977760192057911e-01,6.260226144939309290e-01,7.287447442849281920e-02,1.000000000000000000e+00
-1.883990378181978897e-01,-5.509064607125617741e-01,-3.359198586754019722e-01,7.667010398374112246e-01,-7.226904159776521563e-01,-1.125048126800183290e-01,-3.780660484337134974e-01,-8.456705564674866782e-01,-8.077493416994032671e-01,5.697598249702724438e-01,7.046660384913543407e-01,1.000000000000000000e+00
-4.727289347292373822e-01,-7.116100382439858318e-01,-9.632938554029910616e-01,6.810896705587043964e-01,9.430963942416716872e-01,4.065239866163563587e-01,-1.745751489027966841e-01,-7.559781161593166487e-01,-4.979029701003612196e-02,-8.535655337984859869e-02,-1.602473821265915088e-01,1.000000000000000000e+00
7.353560258733393695e-01,1.029570810272228965e-01,-2.946276042737883127e-01,8.618193731602756813e-01,9.210127776804171162e-01,-3.384746117311656644e-01,7.368482880011499869e-01,3.570577037519711006e-01,-4.510172542021779751e-01,8.828653621494499948e-01,-8.738617747334609387e-01,-1.000000000000000000e+00
3.018873083379782774e-01,-2.171974108544023618e-01,-9.615819967228795839e-01,-6.589632326932828299e-01,-5.648356343320588557e-01,2.123167670924619443e-02,-6.272501979331968069e-01,-2.773454551480507568e-01,5.013315270964655568e-01,6.154397786421195171e-01,5.908259614711524055e-01,1.000000000000000000e+00
2.444164192756548282e-01,1.145955207305733303e-01,-1.460173345232567144e-01,7.109966562164413695e-01,2.394226800258150156e-01,-4.814526348651870791e-01,-2.525905256002625165e-01,-6.996865404337337946e-01,1.827465462203277102e-01,1.732581759412286093e-01,7.403673719448025103e-01,-1.000000000000000000e+00
-3.691537343356856571e-01,-2.639664766572993315e-01,-9.433328787548396210e-01,5.718709688208336583e-01,9.386662815180919495e-01,5.390531036953742916e-01,3.642284152291574983e-02,6.550199862822294605e-01,7.157580861661470006e-01,8.904526185655781134e-02,8.743149713597633266e-01,-1.000000000000000000e+00
-5.173721657470875535e-02,5.639272999428206479e-01,-3.237165816828624365e-01,-9.260041520673523152e-02,2.567080357405242541e-01,2.481599239807017465e-01,3.552040680680623730e-02,-3.430505804990695573e-01,3.398492921911591136e-01,6.743086902026775853e-01,-6.923718199877457735e-01,-1.000000000000000000e+00
9.817112472307472082e-01,-3.842594762681170728e-01,-1.408379902071543732e-02,3.040648873480806813e-01,-5.954687992402087904e-01,4.050144207300836463e-01,3.195533528833585102e-01,-2.500790665610246322e-01,-4.311214653738018043e-01,8.382054025561980204e-01,-7.459528546057259124e-01,-1.000000000000000000e+00
8.602931577851400391e-01,-1.631213238731421544e-01,-5.381962720532558198e-01,5.783041073472849902e-01,8.957723261159702410e-01,8.361634570239386832e-01,-5.241221399987809892e-01,3.440153988055869583e-01,9.371598520856982972e-02,4.502083384285391343e-01,-2.613430286273521475e-02,-1.000000000000000000e+00
9.788840160323919459e-01,3.045021097953886091e-01,-3.881542362369736487e-01,-5.020443913012888615e-01,-8.867228198186563048e-01,-7.361053425919847903e-01,8.163451626735731548e-01,4.946821214391794452e-01,8.831194690079935405e-01,-1.525381270895824759e-01,2.024744921224204131e-01,-1.000000000000000000e+00
-9.024363648025612861e-01,-1.786928051666687445e-01,-7.570729574131360717e-01,9.574667688515925423e-01,-2.384122878754746377e-01,6.516222658182160288e-01,-6.467892209910981460e-01,-7.223704864996300934e-01,2.985862600957722712e-01,8.186202716196702145e-01,-7.709270900800297976e-01,1.000000000000000000e+00
3.722884480739649948e-01,-3.155175258458338128e-01,-3.769995467817546242e-01,-1.430669108792288480e-01,6.153671519567269765e-01,8.765420707000330935e-01,-8.950778600972997268e-02,-8.284677255674224305e-01,8.765970646552188050e-01,-8.391435828717239698e-01,-6.817807869934890963e-01,1.000000000000000000e+00
-3.190764343039025341e-01,3.374968039915857698e-01,5.115509837743934529e-01,5.629192922105212826e-01,3.065440389746652006e-01,-4.345957757553708944e-02,2.915992088549015371e-01,-7.299109437116457766e-01,-5.844775635481789244e-01,8.550620812871523313e-01,8.443419657003701229e-01,-1.000000000000000000e+00
-6.938932222976155195e-01,-6.488082387509157556e-01,4.627489637191211092e-01,-9.981824667156387054e-01,3.237758391026477334e-01,-6.974564451799327713e-01,9.687371681726282269e-01,-6.737449450913046700e-01,1.049279899537438610e-01,3.388915504584448790e-01,6.389923711828120467e-01,1.000000000000000000e+00
-8.160837445508875021e-01,-9.894444354502653916e-01,4.720145743993371390e-01,-3.253071011457240314e-01,2.272235509149092003e-01,-3.859303601336283585e-01,9.683746808919304616e-01,-3.691505913665913408e-01,2.100888050416884756e-01,-5.600575027691729879e-01,3.560475675390839534e-02,1.000000000000000000e+00
-8.250619625443897931e-01,1.594836458571378124e-01,7.338129426153194856e-03,5.848579947921752620e-01,-4.647329127215007460e-01,-2.569418690599944988e-01,3.779007772768125939e-01,9.858890404630229476e-01,8.083395148929091167e-01,4.164979688695580329e-02,3.558945917332276832e-01,-1.000000000000000000e+00
3.146835023575007551e-01,2.793661313326685214e-01,8.214885895225298995e-01,8.958686121132610758e-01,-6.430133440859402416e-01,-1.315231786941817305e-02,8.828997002993062004e-01,-2.357743380168189073e-01,-5.346469286413146893e-01,-7.946936433560087831e-01,1.944352070880102090e-01,-1.000000000000000000e+00
-1.259200159894893201e-01,7.861331271672304943e-01,4.348049685731565361e-01,-5.883755844476732388e-01,-9.085459792608201468e-01,4.183117276045322797e-01,6.916551067805842834e-01,4.019872413100551434e-01,2.875887326576549441e-01,-5.013698630530276645e-01,-1.079299754925466814e-02,-1.000000000000000000e+00
-2.421550879354119612e-01,5.891351279106318284e-01,6.213005405269818038e-01,4.292011766968657493e-01,-8.327969985280587739e-01,-3.097785720225196826e-01,-9.064996293576221831e-01,-3.126376227988396650e-01,2.958355571763024994e-01,3.741354376146599492e-02,4.058736481017026776e-01,1.000000000000000000e+00
-9.422119152873660308e-01,-3.718300993519481068e-01,-3.398803939857590883e-01,-1.714982883598008545e-01,2.537842938028973538e-01,2.750632495940275035e-02,-9.625419019484175998e-01,-1.767808432292568011e-01,2.388974090466065014e-01,9.649449860968273285e-03,7.441237283626285226e-01,1.000000000000000000e+00
-9.961759766860864840e-01,9.756982749699418811e-01,-3.677432658193069415e-02,7.143809869923620770e-01,6.801344793022703339e-01,6.245567333283386091e-01,-8.196549450374490675e-02,7.918526357100448276e-01,-2.654555418969792857e-01,-1.832261634645928616e-01,-4.885896082984650945e-01,-1.000000000000000000e+00
7.322549232193664714e-01,-9.841785848900652667e-01,7.712458207883212680e-01,-5.694712445232394948e-01,8.242109535664441378e-01,-4.676334094380110162e-01,-8.952212132532921807e-02,8.677667396105230857e-01,-7.805063745801277264e-01,4.905662567908704030e-01,-2.151027225978412449e-01,-1.000000000000000000e+00
4.761987546155519446e-01,9.304025867554122087e-01,2.965810563481656725e-01,-4.470775295712889896e-01,-4.601594290701933598e-01,8.579551929738018501e-01,-3.934193852044254314e-01,5.363844667656363363e-01,2.858299646080260104e-01,1.852036225111401979e-01,-6.378502371958301165e-01,-1.000000000000000000e+00
1.624987892163498593e-01,2.489376210159273128e-01,4.622742488012392403e-01,-6.205524267937418958e-01,-4.754306476937701920e-01,-5.129859680974007130e-01,-7.016558037786799762e-01,-5.112088471926468092e-01,2.273052894336797802e-01,-2.671768125675149097e-01,5.358248738611814943e-01,1.000000000000000000e+00
6.426338140356158135e-02,5.533019098878888542e-01,-5.241031333746513088e-01,4.151061204226598189e-01,4.417356493068242962e-01,2.756873318282917484e-01,-2.714945372059909268e-01,5.701295962984465060e-01,2.568674353507418573e-01,1.807764182850848389e-01,6.383225383337267633e-01,-1.000000000000000000e+00
3.081224638428474716e-01,8.949532330711695849e-01,1.769919584148900160e-01,5.915752659644530898e-01,-6.632712734675585420e-01,3.084207323778840326e-01,4.659549429929434883e-01,-9.167709589712775831e-01,-8.056713659126759630e-01,5.631617610566985732e-01,-1.200999570756544621e-01,-1.000000000000000000e+00
-7.092657582057246834e-01,2.072490427012325664e-01,2.765146002846938789e-01,-9.299203097397534812e-02,4.403220993040153353e-01,7.353049090159851087e-01,5.531186202218916215e-01,-5.166752861508774330e-01,-3.592014899650426418e-01,-2.394468919085595005e-01,-5.924674809360002126e-01,1.000000000000000000e+00
-6.622691650581540301e-01,8.691597277639231400e-01,-9.037105740248296826e-02,-1.937478638749996485e-01,-8.621982378029475758e-01,4.666421375638369895e-01,3.893050515533997835e-01,-2.485189011304844708e-01,3.835270993677595275e-01,-2.650964789732375149e-01,-8.536839572115113572e-01,1.000000000000000000e+00
7.453273005737293122e-01,9.189892558339809447e-01,-2.337171580897969836e-01,6.713356134342456372e-01,-8.953295621205115129e-01,-3.785369462356680259e-02,-2.634069585322575957e-01,-5.902962276715346679e-01,-1.232143807133159186e-01,-1.125949291753121084e-01,6.170791858535649155e-01,-1.000000000000000000e+00
-8.700268159040431826e-01,7.009013471472589352e-01,-7.944572957730766660e-02,-6.433291771280424953e-01,-6.765311411001755371e-01,-2.780912925224956478e-01,1.467256266196816927e-01,-1.661882841218498275e-01,1.935946768211598279e-01,4.109554898014953217e-01,4.969775246805718805e-01,1.000000000000000000e+00
3.253045224497062016e-01,-3.966147109835933549e-01,-8.429228892996172284e-01,-2.684780449491199761e-01,-1.956852863660911712e-01,-4.594552768772113271e-01,-5.690292189202774686e-01,-2.889825851383469590e-01,2.788337535271576684e-01,8.980694942365814448e-01,4.075614735860833004e-01,1.000000000000000000e+00
-7.932678200912983701e-01,2.511357558139513113e-01,-4.590534269053558880e-02,9.970823398441612806e-01,-2.241584492167738585e-01,9.145733958277721953e-01,-1.924389920963698319e-01,3.634009818322676555e-01,2.873225376904566808e-01,-8.270960961936817402e-01,4.867316367955782930e-01,-1.000000000000000000e+00
7.291349292138713523e-01,5.945570158386666026e-01,-3.565136032962570312e-01,-8.251447928840327517e-01,-6.758135959738773568e-01,-3.218082935206871831e-01,-3.894183403368725038e-01,-9.233789014841393694e-01,-1.358697201902741014e-01,-7.882993262600430651e-01,-5.582205610486026259e-01,1.000000000000000000e+00
-5.670563285432141942e-01,-9.461787375958934376e-01,-5.608807161724114199e-01,-1.292602562524740595e-01,-8.411453111275559724e-01,4.317836572879409918e-01,1.042016888204604363e-01,-1.311195603950985333e-01,3.742368642576154869e-02,3.116119640340617725e-01,9.895970114864263145e-01,1.000000000000000000e+00
7.530002740772914205e-01,-2.357344540013226464e-01,-3.837326610988787134e-01,1.141700356624653079e-01,1.834490801831001328e-02,3.619614673117665937e-02,5.922601818929416062e-01,1.771935386108982602e-01,7.705309177654113828e-01,2.381939666785204412e-01,-9.565977118111714805e-01,-1.000000000000000000e+00
1.188159957449490545e-01,4.845802818053428496e-01,8.048149615267194967e-01,-2.248049090642905146e-01,7.386659092207703559e-02,7.860479687588783904e-01,-7.144268692205346660e-02,-1.097020869988309943e-01,5.330289142713362516e-01,7.546022518259805079e-01,4.753445034797503244e-01,-1.000000000000000000e+00
-4.146402561987418967e-01,-9.007744093045819689e-01,7.305409456382931932e-01,1.981885568488150895e-02,6.766264090992957225e-01,1.089639195311600250e-01,-3.725405024706658352e-01,-7.404368165563504078e-01,-1.256769744591044180e-01,-9.469019148130382035e-01,2.049188856853927376e-01,1.000000000000000000e+00
2.616243333168311036e-01,1.809509448870871839e-01,5.612661692124274460e-01,-9.061808365082466565e-01,4.101023375485626232e-01,4.754479132446793876e-01,-8.777977680973036989e-01,7.736471446372750194e-02,-5.100145910218409906e-01,6.032545227426597823e-01,-9.007727876124911326e-01,1.000000000000000000e+00
4.258819770764166179e-01,-4.013738647783193780e-01,-1.037751075385719979e-01,-3.262990182576770426e-01,-8.158794905485953208e-01,4.773519696625070363e-01,-7.724120711103377168e-02,6.250242390561928651e-01,3.893858341082774288e-01,-8.843695996209466337e-01,1.518009925569607788e-04,1.000000000000000000e+00
-2.400755062655020033e-01,-6.026112403460170963e-01,-8.390986322930977792e-01,-3.637043303318849841e-01,4.906932151986340696e-01,2.019914435244096751e-02,8.936079484398555817e-01,-7.202273445125815243e-01,-5.853641106925662196e-01,-4.394009327220063099e-01,-9.739962003739175422e-01,1.000000000000000000e+00
-4.456517459703508433e-01,3.585007289470232283e-01,9.350102403263971240e-02,5.577312531695914899e-01,-6.846481331189231412e-01,6.195106981317599626e-02,-6.084604190938394108e-01,2.784402786293425081e-01,-7.373149483299203943e-01,-7.026123786684290717e-01,-3.435895167441362918e-01,1.000000000000000000e+00
4.461696112324526897e-01,6.607291667734616070e-01,2.097710681571014479e-01,-9.777574136246736103e-01,-2.150704341743596704e-01,-5.619638244233446933e-01,-1.313746532095885211e-01,-5.890095166809117266e-02,-7.443378663027706565e-01,-9.531369022219413623e-01,-7.235994133039804765e-01,1.000000000000000000e+00
5.833676297784979869e-01,3.740635824524174424e-02,-8.485484914724878980e-01,1.155671177690746898e-01,-4.483943186132233194e-02,-5.692267854694437190e-01,-9.796742560204216854e-01,-3.680680516385623768e-01,-4.810233558639471774e-01,-3.417956329940730065e-02,5.232031385020028402e-01,1.000000000000000000e+00
-8.284643906331010665e-01,1.590564085136847439e-01,-3.082450269436241008e-01,7.043001672243196509e-01,-6.363670434015444854e-01,-4.400238711573765116e-01,-6.454906452454129973e-01,1.276455604720603265e-01,-7.765056324750256866e-01,-6.212859894782902792e-01,3.569798868840239336e-01,1.000000000000000000e+00
-2.438847430466923871e-01,9.743454158828726008e-01,8.955650164417243708e-01,4.147608091965602206e-01,7.652238484035733812e-01,-2.136489678592685681e-01,1.629404423959563974e-01,-4.546896719381476881e-01,7.712786067631351994e-01,-5.794992361005801840e-02,7.228722375933949174e-02,-1.000000000000000000e+00
-9.120435818982808307e-01,6.413723230239560813e-01,-6.019376949320822678e-01,6.310832817855760446e-02,-5.024736781177403522e-01,3.177638742198001243e-01,1.744321844778311537e-01,8.928794674863467229e-01,-1.087984888458852772e-01,7.497579254485733369e-01,1.516436730435024582e-01,-1.000000000000000000e+00
1.022013528270848681e-01,-8.356369704049899649e-01,6.203527116288067855e-01,-8.229486955437934625e-01,-1.425214492996467186e-01,-1.308964156415750590e-01,1.124033242341384575e-01,-9.209842197585482726e-01,-5.923351049238536614e-01,-6.009976319900660613e-01,1.979412293810640655e-01,1.000000000000000000e+00
8.289253043778936902e-01,-4.163558724640525899e-01,9.952209588057092660e-02,-2.199407168644549326e-01,-8.682053650913794662e-01,1.485316054537171304e-01,5.884568011708246615e-01,1.124072553822008658e-01,-4.413156716887467468e-01,-4.723419266311943421e-01,-5.243229181250912418e-01,1.000000000000000000e+00
1.011834204968695694e-01,3.041701013834228196e-01,-2.463212989762153526e-01,5.645895291515905523e-01,8.184418871859175937e-01,1.425673723314144770e-01,-2.370487541514136876e-01,3.911795697521989190e-01,-6.356708916388857933e-01,9.371452964562925203e-01,3.159747092959916959e-01,-1.000000000000000000e+00
-4.140346766003102363e-01,-2.049747403349118091e-01,4.885335492728073437e-01,9.110998856760825770e-01,8.379306203653120733e-01,-4.813243478083051308e-02,-7.730982204577196981e-02,-7.486042096940850321e-01,9.434802532059338720e-01,5.201955943102647417e-01,6.951365210821780494e-01,-1.000000000000000000e+00
-7.615748637889778738e-01,-9.157439607454047614e-01,-6.764685695876293536e-02,1.832923934489900653e-01,-3.525962173871173277e-01,4.320092559595567483e-01,-8.360702225431726475e-03,8.566336950868851385e-01,-8.300189650395422003e-01,-8.668632711978399019e-01,8.102437044939718724e-01,1.000000000000000000e+00
8.332266654598849964e-01,6.400030829896550255e-01,1.782291569116547514e-01,7.215736090640247902e-01,1.304949019269969757e-01,-2.845040139162877679e-01,-2.553159987616737681e-01,1.309234266333965113e-01,6.188792454524265629e-01,-7.326946235772011651e-01,-9.214695607371392594e-01,-1.000000000000000000e+00
3.853433627383573423e-02,-3.794410411492901147e-01,-8.849962762318221987e-01,-1.053808220234793147e-01,-3.770596896533593423e-01,-5.912196722009157579e-01,-3.017559949953969589e-01,-6.407855675541802576e-01,-4.003758779546831015e-01,-7.693312463858397177e-01,-8.313748195550560993e-01,1.000000000000000000e+00
-1.291415059742018201e-01,-8.435006265066069542e-01,7.052901245693690147e-01,9.876534051539223036e-01,-8.994741458987998151e-02,2.352801115114289132e-02,-8.429811215980698158e-01,-2.339651382254046563e-01,-2.563912802197669816e-01,9.315830259631152632e-01,3.208630183205267716e-01,-1.000000000000000000e+00
-2.982039006280090554e-02,-4.521300430422319216e-01,-4.028545065839312933e-01,7.489594129121102117e-01,2.698161449518059474e-01,-9.971550305157426131e-01,-3.462564697873842245e-01,-3.201090705492923849e-01,4.126711189032319371e-01,4.009066849622231477e-01,-7.169029398958182142e-02,1.000000000000000000e+00
8.918106567492074532e-01,5.264465063351242424e-01,-6.209323515053148945e-01,-8.666940161428875466e-01,-2.984062030987386649e-01,6.726038578403317203e-01,-7.880411734569447990e-01,8.670774259259261818e-02,-4.499995098982183528e-01,4.525100446784391384e-01,-9.991793683252263580e-01,1.000000000000000000e+00
5.674212705816144009e-01,-4.526691272271212707e-01,6.881621219441165227e-01,5.392979580315808708e-01,-2.781186546650316060e-02,-7.625685904642769408e-01,9.402143190533063244e-01,2.484604480655809855e-01,3.419680838480898544e-02,7.708991703908496529e-01,-1.572875806928482056e-01,-1.000000000000000000e+00
-5.312716241287516183e-01,7.690458432900846297e-01,-4.159371771554041253e-01,-7.240403674158448766e-01,-9.546508211473054839e-01,-4.046393126443503796e-01,-5.676945797287953344e-01,-7.955953089093827924e-01,9.021716024303598758e-01,-4.647562490867087615e-01,-9.876463410047362501e-01,1.000000000000000000e+00
-2.433928375979175218e-01,-6.493079897061049266e-03,-8.536385751330159977e-01,-9.234108065428814349e-01,-8.720794325589467100e-01,-6.000030397624460665e-01,-4.438594888284972395e-01,-6.610847608680174847e-01,-4.961665733324773786e-01,-6.283252066137050562e-01,-6.985134807889876729e-01,1.000000000000000000e+00
2.490855393272293217e-01,-3.924563251662893659e-01,2.879668467409770560e-01,8.055093416658374306e-01,-7.259061384556722007e-01,-3.510616420917100911e-02,-3.578981001284500252e-01,-5.170650922132167260e-01,-2.075820474017147088e-01,-2.120639080377131336e-01,-5.791340062135466038e-01,1.000000000000000000e+00
-6.320458906474604177e-01,-3.169546622133931901e-01,-4.395969069107752425e-01,-9.118652108154488012e-01,-5.615622861306892588e-01,8.032278867696129865e-01,6.857163577447926706e-01,-6.648053697704874310e-01,-2.676739747674192760e-01,-3.783938894560785471e-01,-7.045183838916870833e-01,1.000000000000000000e+00
5.704881049312384711e-01,-1.923842381136533497e-01,-8.162853719958931276e-01,6.587998550500626660e-01,-6.700336491461356125e-02,-4.734997971661951688e-01,-8.582891191416888166e-01,2.803436892405735126e-01,-9.153962778548547785e-01,5.821877283680600978e-01,5.415040086227238536e-01,1.000000000000000000e+00
3.382142656148179327e-01,3.422365762630763530e-01,-9.448895554384677542e-01,8.753504509771963260e-01,5.436501118609320393e-01,5.286296356126942708e-01,8.238592826940871472e-01,1.563063321806150707e-01,-2.106672188723874850e-01,-3.864166282899894611e-02,5.544814066343117798e-01,-1.000000000000000000e+00
-6.920258177964888624e-01,-3.589789337363977761e-01,8.395400029941186837e-01,1.284207406018764708e-01,-2.536526163380883325e-01,-1.946435695651327347e-01,6.755551849311263179e-01,-9.464408508217907467e-01,-9.773218835312207364e-01,-9.078306077301219190e-01,-6.158999876072357438e-02,1.000000000000000000e+00
-6.261601294833880615e-01,6.335299848355175900e-01,-1.754997528068660273e-01,1.432591944202192824e-01,-9.338323124409158016e-01,5.832490345568603907e-01,-4.262349089225467846e-01,3.868122755430702941e-01,5.209491695721888416e-01,-7.657674850543134681e-01,-4.081988720508717972e-01,1.000000000000000000e+00
3.599055139354212507e-01,-8.632223753309034020e-01,4.518053110535034111e-01,1.263993800914930965e-01,-5.004678138208322746e-01,3.092638305076662597e-01,-7.296357958265478061e-01,-3.323874065304679437e-01,-1.981728024120961162e-01,5.542743275474733000e-01,-3.824313869444546654e-01,1.000000000000000000e+00
4.329867379371765690e-01,-6.690063925086260355e-01,-2.625609687627401545e-01,-8.995746227771685977e-01,2.797236067601369669e-01,-1.002735287667364528e-01,1.460237539885262947e-01,9.587058273490070004e-01,-1.954951099566033523e-01,-3.865796920096464806e-01,-6.987908108164606613e-01,1.000000000000000000e+00
-2.301665911293888644e-01,8.556946236881062262e-01,-8.906039962743645955e-01,5.251332557736925200e-01,-3.269381157686335193e-01,-2.520610886857865829e-02,6.714997720282460669e-01,2.740774477316290092e-01,-8.501795093314190588e-02,-6.721335144335383038e-01,8.785295910208905656e-01,-1.000000000000000000e+00
5.821205209511577383e-01,-3.999457168144959773e-01,6.293909288272001579e-01,1.358443572875140948e-01,5.608895431638434292e-01,8.377813009069414729e-01,-7.231500989843016036e-01,-3.122194981559880400e-01,-8.888850083828740978e-01,-1.861799301819557773e-01,-5.251941385579084187e-01,1.000000000000000000e+00
-4.860803384168701502e-01,6.323866623443330504e-01,-8.901958343383986616e-02,2.859641398161201220e-01,7.817474622547706531e-01,5.420272255965470354e-01,7.691467768836162122e-01,-9.809600422476378867e-01,-6.253700307132978864e-01,-1.530111748683817829e-01,6.956835949062063484e-01,-1.000000000000000000e+00
-4.739261528920633015e-01,5.460023721229123606e-01,5.858667272617765764e-01,-1.383070389237261999e-02,-7.019946087484709718e-01,-8.888152378365106188e-01,-4.570622738031151489e-01,4.623715657878193497e-01,2.016332646775680359e-01,4.362135375108338042e-01,-5.650403840346052142e-02,1.000000000000000000e+00
3.574353495803181957e-01,-8.161333761324844893e-01,4.956354619204961232e-01,-2.470306731124845001e-01,8.430672288763743083e-01,-4.273674288872597593e-01,-5.353593094685749065e-02,4.932143644255457815e-01,-4.849200579357855201e-01,-6.364353051257252147e-01,-9.945837165935504931e-01,1.000000000000000000e+00
-9.581387018679055068e-01,7.732218291971704183e-01,-7.778719035550283323e-01,-9.048842002305654830e-01,-5.699294265905126000e-01,4.635926184978655940e-03,-3.426051923683333111e-01,-1.197087841891735227e-01,-8.314578018442257967e-01,-5.337907405548516504e-01,-8.046784074152302235e-01,1.000000000000000000e+00
6.583835015067893703e-01,-8.385313095041373455e-01,-2.453357121798032114e-01,-1.079229100534020436e-01,-7.521468806855666767e-01,-8.286669072513281886e-01,-6.407713908853289730e-01,-5.179045500403915980e-01,9.321211549144037267e-01,-4.877257749663455044e-02,2.057806534505091101e-02,1.000000000000000000e+00
-4.049729981492569131e-01,-5.967371528912772671e-01,-7.450997580365055217e-01,5.603461816255350669e-02,-9.890034249944890110e-01,4.190413820076586138e-01,-7.722099906179269446e-02,6.364565129605881388e-02,-4.735907022153047485e-01,-6.434938900228750480e-01,3.999793424948185905e-01,1.000000000000000000e+00
-8.329961761137372189e-01,-5.066041385513047057e-01,3.512672308884889905e-01,6.121606468501936682e-01,-3.080118166246066380e-01,3.047686065291577151e-02,7.835188059258850757e-01,-2.312033161012077009e-01,-8.369234530749813938e-01,9.897882437913032572e-01,-6.394395890735675714e-01,1.000000000000000000e+00
9.626418133561731594e-02,-4.559811287727026929e-01,1.875052803603252105e-01,-3.350969336117317621e-01,-5.501578501940489474e-01,8.910573179596534832e-01,-3.702531937511521765e-01,-3.287590905429007559e-01,7.935529095278859302e-01,-7.146140491218919699e-01,1.691897455263917660e-01,1.000000000000000000e+00
3.152400066260780953e-01,1.934539290686949631e-01,-6.591873483530901190e-01,7.446977995553356600e-01,7.090686654127440480e-01,6.724891757120856628e-01,-2.015442820737975982e-01,6.492455495126803200e-01,6.895906167627410266e-01,9.930805442246026793e-01,9.152092363472970060e-01,-1.000000000000000000e+00
-1.990035014517599343e-02,-5.521376079195736697e-01,1.640550464092607186e-01,6.342162253535419403e-01,2.243983128921955839e-02,2.900586897668153696e-01,3.323047916548156344e-01,6.410689932101374389e-01,3.758536179568259250e-01,9.523443035831633541e-01,-8.757749382126567284e-02,-1.000000000000000000e+00
1.418982038852547589e-01,3.310539308726820895e-01,3.505982054274880966e-04,4.338526038051493394e-02,-7.288263542446493659e-04,-6.365043712859286273e-03,5.004106014166460614e-01,-1.455829456383999077e-01,-9.942133630065257410e-01,2.241263522437642042e-01,9.053249498525668404e-01,-1.000000000000000000e+00
-2.023054730569238124e-01,-5.408888045863340377e-01,6.569607971673920854e-01,-5.032214263875400828e-01,-8.905300419129227318e-01,1.292210169280219034e-01,-3.653025075803373323e-01,4.248702748796227002e-01,-8.382566631483292507e-01,9.326151288504607173e-01,-6.262839687931684995e-01,1.000000000000000000e+00
-6.868804502639926923e-01,-6.613882011379201842e-02,4.558055717553302078e-01,-4.764648683040402233e-01,-9.338515736857220251e-01,-1.638022013515796349e-01,-1.497172071839598662e-01,-8.697994851554133877e-01,-3.587688417210113112e-01,8.346001195749148671e-01,-4.994063859247694914e-01,1.000000000000000000e+00
-7.005541954465102084e-01,9.556932914900675424e-01,-9.759572647391820954e-01,-2.952093189740780943e-01,-3.944478453274993246e-01,3.147471831635062500e-01,-8.872440665059098119e-01,6.212355433545240224e-01,-6.695240658636869568e-02,-9.445485847740964225e-02,-5.464202392358623595e-01,1.000000000000000000e+00
-7.997512182982562390e-01,-7.045801306832122357e-02,-5.760607540212308031e-01,-3.653042023603272348e-01,-6.249119332671293492e-02,-5.569426630471572270e-01,3.186734152432135758e-02,2.865517647206712315e-01,7.497966682155956519e-01,-5.770787642956005659e-01,-3.788699390654346466e-01,1.000000000000000000e+00
-3.187544847498946510e-02,8.604794121704513188e-01,-8.089510578250735939e-02,3.441905878184929879e-01,4.095975896196877297e-01,6.742276851213147015e-01,9.503579822226688734e-01,-3.302013338000986398e-01,-5.050983013527532428e-01,-8.445881016291603149e-01,7.130750470731792579e-01,-1.000000000000000000e+00
4.499233945252611999e-01,-6.132504545122676731e-01,-4.691291244541218042e-02,-7.659434583535573715e-01,6.143797019927621506e-02,1.470745983252097489e-01,7.077126094124586153e-02,-6.107076235369190975e-02,1.749079150125365523e-01,9.935990422383558229e-01,2.450728622664508638e-01,-1.000000000000000000e+00
8.867609569137624437e-01,-1.092723371140640332e-01,-3.670104553768771538e-02,-6.842851470028232796e-01,7.453953802151327412e-01,3.852644732861374433e-01,-1.372780249521796669e-01,7.559429932921886142e-01,8.109154765286314959e-01,-9.010389179238826873e-01,-7.613508205742440804e-01,-1.000000000000000000e+00
-4.359085983313122359e-01,-1.990705469696594232e-01,1.863165906259685034e-01,2.177034741948211671e-01,-5.226770434145826538e-01,-8.310427067680687951e-01,4.888753780683268158e-01,5.714138549285663338e-02,-1.157973007260073572e-01,-7.408090623909149297e-01,-1.706724981062355262e-01,1.000000000000000000e+00
-2.028086586639590294e-01,-9.748826403461769985e-01,-4.302029648910024040e-01,-7.286547460620236283e-01,-4.995393530943497140e-01,-2.758239639262500820e-01,3.533113046423106418e-01,-3.516600094036403945e-01,7.682183501277328741e-01,-4.008641812207354160e-01,-7.261331757169779966e-01,1.000000000000000000e+00
6.568747922146784823e-01,-5.739680332037437882e-01,4.188120816811116143e-01,-1.588323171363581476e-01,-8.463920456685940508e-01,5.049527844246635144e-01,5.243744707988966525e-01,-4.581662682190306146e-01,8.320920379162344283e-01,5.279395935334496581e-01,-3.864852617532212875e-01,-1.000000000000000000e+00
6.844654545085273600e-01,9.465729034699092992e-01,-3.460517532700422283e-01,-6.298863428028786959e-01,9.550801041128460511e-01,-8.805134163491108445e-01,-4.480787161310355593e-01,4.840585335179328208e-01,2.347069632616298751e-01,3.690214261805204732e-01,4.161830809709006207e-01,-1.000000000000000000e+00
3.632457526945498394e-02,8.597791364651221624e-01,7.799443337696796430e-01,8.392516007910288955e-01,9.328261201960101889e-01,-6.692840451814268121e-01,-7.069493174211938236e-01,-1.444771843009482470e-01,3.786230722630148371e-01,-1.206121600691556495e-01,7.847087418802694003e-01,-1.000000000000000000e+00
-5.624015778276318933e-01,-1.532421619188957251e-01,2.428216816688140156e-01,6.611536147085199655e-01,9.931304095812532040e-02,-6.457469916045897040e-01,9.034790499499858463e-01,-8.199697009062216768e-01,-2.657614179739491433e-01,8.426478814078590673e-01,2.046669276286625649e-01,-1.000000000000000000e+00
-2.465451704200427585e-01,6.911223810206084117e-01,4.269677565225811211e-01,3.406331607046220178e-01,-9.387013431004453956e-01,-6.313607287225786457e-01,9.252489204740199646e-01,-9.125750041962454873e-02,5.627864604484760225e-01,-2.213495475551532365e-01,5.286457542863440828e-01,-1.000000000000000000e+00
9.806850475888273522e-01,-9.750966171043800035e-01,-9.661406854203735683e-02,-4.963764536387818005e-01,1.325709382500286360e-01,-8.068983360378558789e-01,7.516457502580582428e-01,-7.269471991774059116e-01,1.747786648789027009e-01,-9.333062738909136957e-01,-3.780158057191804755e-01,1.000000000000000000e+00
-3.265748200201890050e-02,7.627707929756399885e-01,9.827637743456263397e-01,8.655504153007389512e-01,1.961116955652397742e-01,-8.763960456235566632e-01,2.350532260442932397e-01,-8.059051569377682078e-01,-7.223570527286016230e-01,-6.173106036217299586e-01,-2.730131578904859690e-01,1.000000000000000000e+00
-7.518927553173599954e-01,-5.956631051987359982e-02,3.511083092926128302e-01,-2.623027605545045216e-01,-6.527770081185784168e-01,-9.360503579104695326e-02,5.249784649536308745e-01,-8.468114967177031716e-01,-8.581257559531103585e-01,-3.637785211343225189e-01,-1.698944251922480664e-01,1.000000000000000000e+00
-3.859501555158961761e-01,-8.164810467405603234e-01,-3.526063939833654626e-01,7.602350281301968327e-01,4.239223477675388985e-01,5.716598197420250660e-01,5.468684322011145849e-01,-7.600551655370477722e-01,-6.822788678843401122e-01,-3.655215023319562384e-01,-3.979424426641755552e-01,1.000000000000000000e+00
-7.572551968172565040e-01,-1.948934536689024277e-01,-8.891193971106845506e-01,-3.372806965506816024e-01,2.861599809923207616e-01,-6.636679528527871241e-01,2.637535020137828923e-01,9.438980751764296517e-01,7.283998390039796433e-01,-2.863302908340246145e-01,-1.570074331145896451e-01,1.000000000000000000e+00
4.395574603781748912e-02,-3.288723049977335666e-01,-1.453324926717896037e-01,-1.324308574680546080e-01,3.072063182713733465e-01,-9.538057533867425608e-01,3.827282165048586648e-01,-9.556037419389344922e-01,-6.294524793449731703e-01,2.134833031126899261e-01,-8.271251281160783009e-01,1.000000000000000000e+00
-1.990646539368645662e-02,-2.722130893292860065e-01,-5.097271274954622289e-01,-6.626661231570794008e-01,4.566711357470227828e-01,-7.159140533133876438e-01,-6.640360077182256848e-01,1.541426945265842452e-01,-5.478449853555251714e-01,-8.124708631225474598e-02,1.058347056128927655e-01,1.000000000000000000e+00
4.828152012220987555e-01,7.845810867547919898e-02,5.453189302904994928e-01,-6.959684846116820367e-01,5.604032011923443246e-01,-1.530495624972900703e-01,5.006310686599957371e-01,-5.445012111605562755e-01,6.650868414607140622e-01,1.362330915331344539e-01,-9.853249792882703417e-01,-1.000000000000000000e+00
3.159203677666275745e-01,6.055646600851387618e-01,9.170182571069676047e-01,-8.420172964081653610e-01,-6.706111485300128017e-01,8.559313839885693831e-01,1.291073633198953630e-01,2.696984108116877721e-01,-1.447314352272099924e-01,6.288574695790616342e-01,3.448843034016801923e-02,-1.000000000000000000e+00
-1.043875727073366733e-01,-5.161433361482803406e-02,7.910994561448101425e-01,-5.782037027510265048e-01,-5.650225309684746566e-01,1.189531902206091285e-01,3.204485491088369109e-01,-2.906235330357034297e-01,3.902233462981552492e-02,-5.442871957649355608e-01,-7.281787553803433788e-01,1.000000000000000000e+00
-7.154048134213335519e-01,-6.398412476731771825e-01,6.206697354611352413e-01,9.860793410667691994e-01,7.346405492221104172e-01,2.702659775640761097e-01,4.458468601148444233e-01,4.564198804137031829e-02,-1.549127867040163142e-01,3.843378616848784901e-01,9.462333720187645625e-01,-1.000000000000000000e+00
7.378372233414229875e-01,3.139008486460432845e-01,2.667763148931210360e-01,-7.796352323745265878e-01,1.505236242013403558e-01,-4.511104638680805134e-01,-4.104745437811696540e-01,-8.104506954718171396e-01,2.717363057741588594e-01,1.676168190349356379e-01,-5.594548656702784672e-01,1.000000000000000000e+00
4.979817554970082938e-01,-5.086664798808346877e-01,6.008481908644989211e-01,5.168945640803930264e-01,-6.032422585714170005e-01,8.165810088302638547e-01,-6.774408171538057744e-01,5.942914970693935484e-01,-1.589325585434293586e-01,-6.339673686216757975e-01,8.762226332963276576e-01,-1.000000000000000000e+00
-5.316726686971726679e-01,-1.978280318500533763e-01,-7.947097926425819026e-01,8.816262106958439038e-01,-4.283415617458223856e-01,1.920195246975504588e-01,-6.955599420985636439e-01,6.055933100766410782e-01,-6.273106654726303688e-01,6.187687821224725493e-01,-1.964749041103415195e-01,1.000000000000000000e+00
2.536536916711344958e-01,-5.347544963024364328e-02,3.780292367239073137e-01,3.781538562587851704e-01,-5.436936197819153271e-02,-2.184075781567167418e-01,-8.735115171459648664e-01,-1.230680407831430401e-02,-5.137699418231438386e-01,-8.935050707486971167e-01,-3.392395391251294967e-01,1.000000000000000000e+00
-8.906086544496496504e-01,3.049623959634402137e-01,-7.607149509218886774e-01,-2.918821426087123694e-01,-3.010121802871807972e-01,-6.979923610508509402e-01,3.334206318284096415e-01,-6.508013383626156667e-01,5.566726983594894040e-01,-5.014418569988967622e-01,-4.254250279417708391e-01,1.000000000000000000e+00
5.094117640541888647e-01,-3.838841146273264116e-02,-8.319704946348460695e-01,-8.402834092134712218e-01,6.630054384853927285e-01,2.592486684116852569e-01,-4.417458817791786174e-01,5.143508760836938976e-01,-7.285293848334639666e-01,2.904869184181160247e-01,9.789718995223362086e-01,-1.000000000000000000e+00
-8.697073319024546389e-01,5.735262174807513880e-01,-1.355859902456613142e-01,-4.938083989770980509e-02,-1.606190541890073487e-01,7.140447500184285978e-01,3.599407261586657913e-01,5.168338090388857609e-05,6.685740438524252482e-01,6.107269928057450503e-01,-9.899116723208072344e-01,-1.000000000000000000e+00
9.818073183063902309e-01,5.687681763439500493e-01,4.113318536158312444e-01,-4.646379874583701497e-01,-9.028702154660928070e-01,9.575619923543015055e-01,-7.043034400798748873e-01,6.611346828328894532e-01,-6.049651729805358702e-01,-2.518092660796718008e-01,3.871791808037690075e-01,-1.000000000000000000e+00
-1.130113055397918842e-02,5.754381509493331492e-01,2.891459026401173027e-01,-9.239973044487510556e-01,-4.014095250957949723e-02,9.819301272850859963e-01,-2.937449446382351947e-01,-1.185663972109445297e-01,-4.251865371625243029e-01,-4.610620816345667450e-03,-6.781573548619130865e-01,1.000000000000000000e+00
2.551447932745398717e-01,1.356182017303675380e-02,4.645150254901357911e-01,9.224475520749508828e-01,-1.646497094427974428e-01,-2.651761148293687587e-01,9.555471280092797670e-01,5.426607307202737651e-01,5.542224526960335407e-01,1.998845900439758516e-01,1.401685792257834073e-02,-1.000000000000000000e+00
2.623657111566719546e-01,5.653850993850759732e-01,-5.374359509908410715e-01,3.975804225695545036e-01,-8.688469734095178865e-01,-2.463193914714389976e-03,-3.311337645006171559e-01,2.914840347173910384e-01,7.780096921421919554e-01,-7.490181637533568360e-01,-9.938469505554436978e-02,1.000000000000000000e+00
3.567547880532995208e-02,4.933218174294782266e-01,1.173849285065975412e-01,-1.622563215528742830e-01,6.898441278541940225e-01,-4.251142404104963912e-01,-3.702614415107974288e-02,9.562945412764012332e-01,9.346432570453795385e-01,-9.874307666780155479e-01,6.446681786450669804e-02,-1.000000000000000000e+00
-5.794529327472719427e-01,5.601719168349530431e-01,-5.926549609765172644e-01,2.253662061094974245e-01,2.877441281282160368e-01,1.129118204300083583e-02,9.935815305479251958e-01,-2.483139774944749245e-01,7.666422903109899600e-01,-6.615436153233786865e-01,-3.255782550923875807e-01,-1.000000000000000000e+00
-8.236382986078472079e-01,-4.458496487665795094e-01,-3.663022795985129143e-01,-5.177292918975968661e-01,4.832465450004312935e-01,9.467082255859791129e-01,-6.008173145507313961e-01,5.637043790642932706e-01,-9.115155794637663789e-01,-7.621946791623579465e-01,3.023483395792481154e-02,1.000000000000000000e+00
5.374599650277036567e-01,2.191732428554709067e-01,-5.638392800804976623e-01,6.377681826940702070e-01,2.944831364203932544e-01,-5.574759582101815880e-01,-3.871110048532577785e-02,9.944126614957158328e-01,-3.432403218392066080e-01,-7.668787704582982201e-01,-9.566651656316640384e-01,1.000000000000000000e+00
9.506753701864156803e-02,8.636136891867738363e-01,-4.680125835761774766e-01,-8.811248048390933896e-01,8.773126660541907818e-02,4.322604208178293383e-02,-3.765855600120804336e-01,9.730755953674161685e-01,-8.605771516917490871e-01,1.390401959001019705e-01,-4.795661762585139432e-01,1.000000000000000000e+00
-7.718792446343383240e-01,-6.799782494823427559e-01,6.442077037416893415e-01,-2.890262490696322573e-01,6.421921516976458744e-01,-8.609932841244152257e-01,-5.122818754117919315e-01,5.291651914505279830e-01,2.834042418400664065e-01,-3.863509620134919498e-01,8.720528737992865320e-01,1.000000000000000000e+00
-3.815658149926552944e-01,7.404669557558409831e-01,7.910043715424941446e-02,-7.915518276226860550e-01,-4.477262246517419442e-01,-4.332277694148365388e-01,7.463547087821795767e-01,1.068025421411749054e-01,2.166472416907991860e-01,-2.658706187999169135e-01,-8.793792319512023781e-01,1.000000000000000000e+00
-2.407634756343490778e-02,8.572349439788835568e-01,-4.370256456380885446e-01,-9.132429418498799745e-01,2.408625642295278979e-01,-8.876601711612144285e-01,1.382446894673905469e-02,-2.369405845785039766e-01,-4.915229251262398513e-02,-6.747194272558112438e-01,-8.195962388302882040e-01,1.000000000000000000e+00
-1.219199778322743732e-01,9.031368400704939958e-01,-5.573733637786093542e-01,-5.580959168636949741e-01,2.088991256775278860e-01,7.925251875715471073e-01,3.437151345515017109e-01,3.473564591107931587e-01,6.125719488836198767e-01,3.373590854691546070e-01,5.186954044462674940e-01,-1.000000000000000000e+00
-2.343053299245914101e-01,-6.035915003389513700e-01,-4.150752142872484729e-01,-1.043754666821472554e-02,6.109152677142242194e-01,4.459681114521898415e-01,5.754255176227223156e-01,-2.401472540227957975e-01,-5.061907114340939984e-01,-9.517406525630804914e-01,2.523672441576567671e-01,1.000000000000000000e+00
1.029235810234307991e-01,1.116275528967782815e-01,2.193043779595549303e-02,-2.713492945066058315e-01,-1.068702405623591645e-01,-7.751245107720547978e-01,6.690169007604058748e-01,7.784232769312164901e-01,5.325416269217746468e-01,1.671720243352980972e-01,1.383584960958883503e-01,-1.000000000000000000e+00
7.684145572080061104e-01,3.000071605275191899e-01,5.954241902676271625e-01,-4.215915669123286857e-01,9.935590484187193372e-01,-7.182072601800453260e-01,9.238741752085706249e-01,8.041982383033730031e-01,1.037892982104180462e-01,1.705929599142945730e-01,5.500957569545590342e-01,-1.000000000000000000e+00
-2.976109320520115009e-01,7.116955636609392233e-01,1.839261374244203218e-01,3.845108290882459645e-01,7.022611333206993933e-01,-7.397735802098355240e-01,8.948145360644881308e-01,9.479418083645141380e-02,-3.279933649168045307e-01,-3.225374791810202701e-01,5.020006733565360868e-01,-1.000000000000000000e+00
6.363508332410987567e-01,1.628712589291088086e-01,-8.180489745281711578e-01,-3.354497337452810868e-01,9.596040518271728992e-01,8.901494280414579130e-02,-4.272078408081951828e-01,8.268894924038410199e-01,-3.279987319932229362e-01,4.598146689982969271e-01,-7.055589885637607583e-01,-1.000000000000000000e+00
-2.288150064462846078e-01,-1.747779417411197134e-01,1.912332216842413946e-01,-8.795190062856592661e-01,-6.492457500300756745e-01,-5.459208603929486259e-01,-1.849714514433138390e-01,-2.578849408453791625e-01,4.444091193369259507e-01,-4.816412625853541130e-01,-8.858557327858931352e-01,1.000000000000000000e+00
-1.961871518543387705e-01,-2.880698965225469976e-03,1.614137400140831513e-01,-6.237236037223614638e-02,-9.087225557641160911e-01,-3.130792461624074541e-01,-8.772361090662712524e-01,-7.638324512626792906e-01,-8.143528644772179970e-01,-6.838089257628905404e-01,6.258410667131186766e-01,1.000000000000000000e+00
8.907297829622535801e-01,-9.604352878395268078e-01,-4.784636842374347943e-01,5.299313837274466366e-01,-6.532123302207579751e-01,-7.770897623682078148e-01,-9.076305771062302963e-01,4.979990360783004277e-03,5.354673027414511566e-01,9.234691293854224714e-01,-4.650281015299260190e-01,1.000000000000000000e+00
-2.438604326596958138e-01,7.069084548190860406e-01,7.828366865052531764e-01,9.933585017635870873e-01,8.878085600301632851e-01,3.425014487714703737e-01,-1.365480116047173009e-01,-8.846152494161161339e-01,2.163322270069589770e-01,-5.786386759919086575e-01,7.002725676592123083e-01,-1.000000000000000000e+00
-8.432725404109271405e-01,-5.852139013223018882e-01,-1.825974175823135148e-01,3.063316011988592713e-02,-2.940978754571184073e-01,1.470326555536904944e-01,-3.492603268191480925e-01,3.568778914542043434e-01,2.241408128474087214e-02,4.102185457098230792e-01,-1.380420775695307967e-01,1.000000000000000000e+00
-1.359384173756299496e-01,5.339672564442570213e-01,-7.037258090492257701e-01,8.658550670818832007e-01,5.250481352915570277e-02,9.631308974201502338e-03,-1.514451784013759461e-01,7.349003829890963235e-01,8.968828176274543651e-01,-2.398639475644441799e-01,8.478730050014271491e-02,-1.000000000000000000e+00
3.512158162190623933e-01,1.072085444963004619e-01,-9.853303188478741426e-01,6.770994899240971865e-01,-2.996312336171891300e-01,-2.008774735420300050e-01,5.645799099202426508e-01,-6.258183685407945340e-01,-9.798562891108850703e-01,8.176766894598106461e-01,1.095651108374551264e-02,1.000000000000000000e+00
-7.390032334542857573e-01,1.899539729590136172e-01,7.060979955162398625e-01,2.964315957573879778e-01,-3.048471974490867265e-01,9.539651357917744434e-01,9.900641692817584438e-01,5.412982055536952330e-01,6.048325978390303170e-01,5.216833250337562511e-01,-4.846780839891109416e-01,-1.000000000000000000e+00
2.671660707676035695e-01,4.367917627538286940e-01,1.530613037775667706e-01,9.523760813838479944e-01,8.897481265220406055e-01,-8.030620903554595014e-01,-4.772511900999438783e-01,7.367882257415501179e-01,-9.406729716418993359e-01,1.843943332505784127e-01,9.089990794614659642e-01,-1.000000000000000000e+00
2.065919773567599371e-01,7.094500588347738557e-01,-2.206767013893249363e-01,6.872842774144116706e-01,-9.259430891785564999e-01,-2.683907669447105349e-01,-8.540338827992983717e-01,8.384883410046717334e-01,-4.937564648438419468e-02,-3.676871099145817556e-01,-1.502458912588489071e-02,1.000000000000000000e+00
7.729587011554985843e-01,-9.111192056114394422e-01,-4.508192870706173583e-01,-6.397173518284666738e-01,4.221921573329010524e-01,4.306999807821023651e-01,6.946297573235815648e-02,-9.894808951376499184e-01,7.475106438040368673e-01,9.111742659890236240e-01,-5.953750898265171010e-01,1.000000000000000000e+00
4.805921194769502414e-02,-8.427944378221114974e-01,-9.989552313271996553e-01,-9.593619022895492066e-01,-8.480999295046349751e-01,-2.580916177337326811e-01,-3.886686256396834072e-01,-6.867152427819702698e-01,3.089860356057383406e-02,9.403628266057906249e-01,-6.786067225782199674e-01,1.000000000000000000e+00
8.887290126735856166e-01,8.272160933705341446e-01,7.734841470901878679e-01,-9.248238168578635232e-01,-1.988101457757145418e-01,7.897541270513084299e-01,5.102531113218502501e-01,-8.668039534319227357e-02,5.465060744343321897e-01,-5.836283483727584542e-01,1.995984908855872320e-01,-1.000000000000000000e+00
-6.870137718021198658e-01,1.226280406577109350e-01,-5.203533628499317221e-01,-9.013358269433047187e-01,8.529308799513346528e-01,-8.880209027708334535e-01,4.348757733913304335e-01,-3.340283546050806240e-01,8.670099302206193403e-01,9.721047783468539372e-01,-3.291386973378676029e-01,1.000000000000000000e+00
-9.447434012873969778e-01,1.634604941965280833e-01,-5.641122796475279699e-01,6.898561670659846268e-01,-6.817227896482314087e-02,6.754194927882544164e-01,1.112104469243921923e-01,5.923355943633599185e-01,-2.562899836055250180e-01,8.907876810928785360e-01,3.343174449250223557e-01,-1.000000000000000000e+00
-9.396596138860193737e-01,-9.798079803429247114e-01,-8.370812716706541590e-01,-8.842845690930967173e-01,-1.507780244355982902e-01,8.806422078439735124e-01,3.504470999838726897e-01,3.189057224889133568e-01,-2.302279153262407618e-01,6.753291235847247442e-02,-3.916506069111536092e-01,1.000000000000000000e+00
5.496968257123735491e-02,7.204532661830955753e-01,-9.047797248858835406e-01,5.272480987234036132e-01,3.338197838672531947e-01,-5.923040380537583083e-01,4.683673390562053118e-01,-7.256106242084392477e-03,-3.795040864451015850e-02,-3.385897010661631512e-02,8.984681245025523122e-01,-1.000000000000000000e+00
-8.560697003500141733e-01,2.703935368682095497e-01,-5.129047862842097683e-01,-3.229758087161580526e-01,6.705995096993857540e-01,5.457991658777625599e-01,-1.550379792527434297e-02,2.259533165208547079e-01,-8.283774431195574106e-01,5.231894029627157661e-01,3.238293339050413167e-02,1.000000000000000000e+00
-8.994832529459693138e-01,-2.119461930355026613e-01,6.797560853064579245e-01,-7.338646932573282822e-01,4.718797051607939164e-01,7.132291658425748970e-02,8.013321941527742354e-01,4.623793334364023622e-01,3.210482211321059598e-01,7.737558585966670677e-01,8.164398545861690781e-01,-1.000000000000000000e+00
1.822136392069240163e-01,5.459695091419034529e-01,-7.531813000334293129e-01,4.189246077458319562e-01,8.123949688313214512e-01,-6.429949054559509491e-01,6.774201826566998985e-01,-7.687930546581260849e-01,1.366033930845389488e-01,-3.212726614404026737e-01,-5.656827885425030900e-02,-1.000000000000000000e+00
4.530837027397600636e-01,6.960206335528356103e-01,-1.272591469713302281e-01,-8.969829070752328715e-01,8.993228689832650780e-01,-8.550398943512813599e-01,-3.037808176701519702e-01,1.928945955433194470e-01,-7.649265847251338624e-01,6.764126531785359386e-01,-5.931556884471032021e-01,1.000000000000000000e+00
-5.626713712338271556e-01,-6.023575921675914380e-01,7.123020032086793130e-01,9.847041155050377803e-01,3.959808808417657477e-01,9.116578985759047349e-01,-3.000089336713629429e-01,2.551904668752076333e-01,2.336910714658424482e-02,-3.596368427562790515e-02,2.647472723208401657e-01,-1.000000000000000000e+00
6.381510038752256087e-01,3.199977326490344165e-01,4.601388484666779632e-02,8.595929214355912951e-01,-6.863736393576926886e-01,-7.614450594620005841e-01,-3.562797363531247097e-01,6.604424530367096757e-01,-9.295970876195305266e-01,-5.211885853813200686e-01,-1.505956166266648744e-01,1.000000000000000000e+00
1.412125915994719705e-01,-2.194416966074723696e-01,-9.304674491095230593e-01,-1.311042367784891471e-01,-4.377196471017041901e-01,-8.660452516178096527e-01,-4.132602772102698108e-01,-4.118097525478927601e-01,-2.898526587911645080e-01,-2.670500616493418633e-01,-1.404569904235115629e-01,1.000000000000000000e+00
-6.624449638562748266e-01,1.189307429047625764e-01,6.726883302434671918e-01,-2.461086870755693212e-01,-8.456622127364830099e-01,2.475178258169123957e-01,5.328605078467900658e-01,-4.078309861964266592e-01,3.811793502406957135e-01,-8.484193551139944667e-01,-2.771432232636468207e-01,1.000000000000000000e+00
3.901657008108438962e-01,8.362462920959989887e-02,1.012605885506023817e-01,9.067751194013753402e-01,7.557374921604160800e-01,2.995682393376539743e-01,-6.301011242865484085e-02,4.581408315239932083e-01,-8.745682049797252056e-01,8.892163933232635209e-01,9.515899120937865163e-02,-1.000000000000000000e+00
8.200388534172111665e-01,8.055316024863579116e-01,6.560103973262612076e-01,-5.393489316082045182e-01,4.517812205287889959e-01,1.794242645279624515e-01,-8.975331726349466965e-01,7.991715016967062546e-01,9.959641742557514554e-01,4.174428788645889732e-01,-5.369843696605227645e-01,-1.000000000000000000e+00
1.433572307185522199e-01,5.667797058047456815e-01,-2.726804457422837835e-02,-3.327548861234763677e-01,-6.948872682607099005e-01,-9.463396983497927017e-01,3.557660225632490736e-01,-9.389084125290185767e-01,8.416772258471911794e-01,1.884600502968361013e-01,-2.934093666957378055e-01,1.000000000000000000e+00
5.502401250829016544e-01,8.072622210770297180e-02,5.410675966826796746e-01,-4.955154468080569252e-02,-3.781825945438990200e-01,-4.760774443694495428e-01,-2.010414457993487947e-01,-9.954334491950624919e-01,-6.460881785743126660e-01,-7.469333101882202897e-01,9.206840526938084857e-01,1.000000000000000000e+00
-3.958945936640072549e-01,-4.725376839192625411e-01,9.086148182819397956e-01,7.247410094907607014e-01,6.335582108490673825e-01,-5.714324626459867940e-01,-6.214179300283977359e-01,6.186580365961966699e-01,-6.306513046155042268e-01,7.071871510072380573e-03,-5.571564264594934812e-01,1.000000000000000000e+00
5.066335762863105607e-01,4.504987190878622094e-01,-6.150192618034326930e-01,6.679726838621111717e-01,-9.186082897978689044e-01,5.147229530719390489e-01,-5.782599311035574452e-01,-2.547746003102169254e-02,3.904678940628558692e-01,5.181568261440352430e-01,7.761678823882851574e-01,-1.000000000000000000e+00
-1.038298481948380925e-01,9.730004056228200859e-01,1.464813245071874270e-01,6.621954990391307749e-01,-4.733141649095089498e-01,9.118413837190459947e-01,-9.736535625656084214e-01,8.604904378299833567e-01,7.960077806111012233e-01,-8.652875671195503493e-01,2.096934546193314208e-01,-1.000000000000000000e+00
-5.217821151891826048e-01,-1.198208885723415218e-01,-4.144203704441773439e-01,-5.659538921709852399e-01,-2.017984855495214003e-01,-9.485915543473020239e-01,-1.971778586372363584e-01,-5.566747435653967013e-01,-4.713316260480311382e-01,-8.348934275355872625e-01,1.778633672712435221e-01,1.000000000000000000e+00
-7.076717054080694513e-01,-7.910924574202546911e-01,-8.695645890968313196e-01,2.001473260347419458e-01,7.370938451230708566e-01,2.194624932907562886e-02,-5.788369561716333322e-01,-3.124074630160567079e-01,-2.792675558598918251e-01,-9.672920467140810885e-02,-1.589232681001548908e-01,1.000000000000000000e+00
3.423025047817525035e-01,-3.201756579269798841e-01,3.259307856237720902e-01,9.354690199012938301e-02,-9.029823058980128714e-01,8.393441684329212560e-01,-6.440852128504919172e-01,-9.694228812162797304e-02,8.951944024567339842e-01,-5.053335971295840334e-01,-9.556709029202787864e-01,1.000000000000000000e+00
-5.234746998674948415e-01,8.327461183903146491e-01,6.036359946521496767e-01,-7.195086436755795400e-01,-9.068793877695959793e-01,-8.136300563084095661e-01,-4.131343916508025682e-01,6.227180315054781090e-01,-3.572510267857709199e-01,-6.286894734631385262e-01,-2.083177890840814950e-01,1.000000000000000000e+00
9.720073266181548099e-01,8.328668811301682684e-01,2.091121744357267165e-01,3.200201785747598393e-01,6.721293601734723566e-02,-2.177920627343348237e-01,-2.965838058521645948e-01,7.833098134805243085e-01,1.532394522275357662e-01,6.465874644267437521e-01,2.814208774543680569e-02,-1.000000000000000000e+00
-3.920739003801405609e-01,-3.721951894635064928e-01,8.093285842276261022e-01,9.634963242088707691e-01,-5.804644073844293928e-01,-1.389743079924212754e-01,9.534069080016702724e-01,-1.854636798855808788e-01,-3.016578039372825870e-01,-7.802369750346200838e-01,5.065690024905991073e-01,-1.000000000000000000e+00
-4.090093107233556680e-01,7.106435639038268803e-01,4.905380500670575294e-01,2.849328646678308541e-01,8.634851964542693548e-01,1.562217210853509286e-01,2.375421709063352260e-02,9.513868046680162838e-01,-5.879717734672267326e-01,-7.160636536045907885e-01,-6.754342609324330837e-01,-1.000000000000000000e+00
-9.019306958155255405e-01,-6.385186112462417629e-01,2.161862616766041523e-01,-9.694992389887480133e-01,5.844645445407818940e-01,8.022401567170820424e-01,-9.204783706276975508e-03,4.152608367346974916e-01,-7.464641897436075091e-02,-3.824734109703082918e-01,-6.702672426469391542e-01,1.000000000000000000e+00
-7.432443877330006110e-01,2.453126660396114378e-01,-3.581896060594838005e-01,2.966180065397467924e-01,1.595224648827375802e-02,-3.339748504579875821e-01,-5.626404010032803882e-01,-8.379125123810964304e-01,5.647821227597344951e-01,6.380083623309140695e-01,8.290162635202236174e-02,1.000000000000000000e+00
-7.967621788164473973e-01,2.796237043413762891e-02,1.275669815651112593e-01,9.256801733546646815e-01,-9.335546334289870352e-01,8.454272189831262274e-01,-4.087108413683071539e-02,-5.797709490180515957e-01,3.310921659024503860e-01,3.410443450591937875e-02,-5.464899671405436532e-01,1.000000000000000000e+00
8.299443218927597954e-01,6.837815231646084957e-01,-1.693143506796852549e-01,7.618927072767254227e-01,2.971224847456983564e-01,7.787090334024207028e-01,1.894617645262917094e-01,-5.677015213616409817e-01,1.524427681035465110e-01,-6.418755041397254946e-01,-7.183441446254139606e-01,-1.000000000000000000e+00
-7.078365331203553268e-01,-1.592543818254359422e-01,-4.343859682700963454e-01,3.998837905125356418e-01,-9.890161003208666202e-01,-7.872481131553334954e-01,8.372976180958968673e-01,-1.333333453577170147e-01,-6.476360506503187064e-01,5.864528737380738654e-01,7.031852001528828833e-01,1.000000000000000000e+00
