-1.842614681431975487e+00,-2.323952197555765320e+00,-2.105620791298163041e+00,-2.297065230908063249e+00,-2.284214225162864764e+00,-2.357969477300288830e+00,-1.252167175281690525e+00,-2.339634736648388724e+00,-2.411424181080528584e+00,-2.429168712086117399e+00,-1.000000000000000000e+00
-8.498947764622865053e-01,-8.257453781737350562e-01,-8.744169388283919986e-01,-8.294338734418066350e-01,-1.022627152060020750e+00,-9.691431375966674810e-01,-6.472832530215712199e-02,-1.033228512861966264e+00,-9.747449284582577755e-01,-9.731660736953636759e-01,1.000000000000000000e+00
-1.606244348679308487e-01,1.074025965586279663e-01,-6.305249404941516700e-02,1.123071573447508714e-01,-5.870362381473277491e-01,-3.360435928558129781e-01,1.326545067139952794e+00,-8.778157332931419976e-01,-6.237082265686013649e-01,-5.398988606276636792e-01,-1.000000000000000000e+00
6.786587566048273290e-01,3.687769425730886286e-01,5.821591346972242453e-01,4.207815603532578108e-01,2.176810741052460363e-01,2.656302071586938429e-01,4.868798115107944025e-01,-1.930270719405311197e-01,-1.568138563647400174e-01,-7.335316415526697831e-02,-1.000000000000000000e+00
1.229497861026717098e-01,-1.540908090416548137e-01,1.711916574459719856e-02,-1.055922203339112603e-01,-4.492042049909099610e-01,-3.600927115910455001e-01,4.807784537078175213e-01,-8.660778163296631860e-01,-7.851516994058531651e-01,-6.999176585409935258e-01,-1.000000000000000000e+00
-1.674274556242006051e+00,-1.536966013000102826e+00,-1.686135180690572222e+00,-1.569321050736282253e+00,-1.643693533737184742e+00,-1.630448017726290555e+00,-6.059210331599557131e-01,-1.402398441907784399e+00,-1.375949968163857617e+00,-1.430820814980303224e+00,1.000000000000000000e+00
-8.616624533226530103e-01,-4.869023561728985650e-01,-7.478967266457774432e-01,-5.284512707562242229e-01,-7.137693328461350850e-01,-6.312480433858681517e-01,1.478941037127342872e-01,-5.040513219920557120e-01,-4.091927882743892630e-01,-4.414445374648706677e-01,-1.000000000000000000e+00
-7.784247476989224201e-02,3.074775822085687102e-02,-3.741792782341252926e-02,9.529243539106616728e-03,1.802280074543456956e-01,1.330915310297294263e-01,-2.663621174953665349e-01,3.717213702092669325e-01,3.281604930441142098e-01,2.879381183729352034e-01,-1.000000000000000000e+00
1.121535954637715299e-01,-7.623048384031748670e-01,-2.292021869971532788e-01,-6.715306882329168392e-01,-5.982084448302272817e-01,-6.999009042435172523e-01,-6.526634312861503417e-01,-1.094993350918694430e+00,-1.215060905627128873e+00,-1.143098739746793990e+00,-1.000000000000000000e+00
-8.961910363905377652e-01,-1.389778034685665187e+00,-1.124457300860389974e+00,-1.387379777574072159e+00,-6.266073678183379236e-01,-9.330215804187792505e-01,-2.106206714678029890e+00,-3.002182032273051915e-01,-6.073135174231887312e-01,-7.147165876290157982e-01,1.000000000000000000e+00
2.441035885434304831e+00,1.571789478784124006e+00,2.194116384711955803e+00,1.681655548979734682e+00,1.957633415533098775e+00,1.822823192896397604e+00,1.458917858482069174e-01,1.311934273070323620e+00,1.144913868435454063e+00,1.259081147388643407e+00,1.000000000000000000e+00
1.182389757201260938e+00,1.149248026662144984e+00,1.214687258091635913e+00,1.187301993851000104e+00,8.063807756596954590e-01,9.447165503605503556e-01,1.231520778385637893e+00,3.810863779993734490e-01,5.092825668066117695e-01,6.125943677472346360e-01,1.000000000000000000e+00
-1.439361163697237211e+00,-1.634932075952327590e+00,-1.570825502356055114e+00,-1.675915387597036510e+00,-8.227668763379402117e-01,-1.140050242497672173e+00,-2.339497834385328989e+00,-1.847759837818316875e-01,-4.926623363295945524e-01,-6.600503850101978598e-01,1.000000000000000000e+00
4.855094159777175178e-01,9.509218715991401005e-01,6.881669262758153272e-01,9.178865415282515539e-01,7.158936854857967935e-01,8.310398691241092095e-01,9.030833189111727721e-01,8.020899735986103396e-01,9.227176925475970570e-01,9.285932407640589137e-01,1.000000000000000000e+00
-1.458480077338376868e-02,-2.153902514579497662e-01,-9.424537445470129726e-02,-2.002705402919548183e-01,-8.083497926002265743e-02,-1.383438658175443203e-01,-3.500219099554892632e-01,-1.203660324709348167e-01,-1.813314073791899572e-01,-1.827842581685630019e-01,-1.000000000000000000e+00
-1.318703574820797586e-01,3.502074294168683322e-02,-7.317010954595257188e-02,5.085460135507594709e-02,-6.444999498676137195e-01,-4.035762132970008853e-01,1.266750488384903894e+00,-9.977407518520317042e-01,-7.559506500995648581e-01,-6.625764163167324750e-01,-1.000000000000000000e+00
1.832954827298992617e-01,-4.885676681921369280e-01,-7.494785848664327343e-02,-4.208820843348579088e-01,-2.993981850164547653e-01,-3.974933358799571659e-01,-5.678810277834528408e-01,-6.490046886697274919e-01,-7.615205594824187019e-01,-7.136616421686849954e-01,1.000000000000000000e+00
1.700619526625884559e+00,2.410722537360745932e+00,2.045630974561350346e+00,2.405792291647800507e+00,1.444627884640570237e+00,1.847588750496722332e+00,2.999217361133252879e+00,1.014308235568603722e+00,1.416265998086875699e+00,1.562474906916333506e+00,1.000000000000000000e+00
9.196194672738859932e-01,2.467971642010824418e-01,6.882816631111737804e-01,3.524890894726885882e-01,-8.645953123829576425e-02,9.194001144587382254e-03,7.797955091629498181e-01,-9.079850140624774468e-01,-8.342498183586162241e-01,-6.713498194990488166e-01,1.000000000000000000e+00
-4.687040151762670304e-01,2.518375354087197260e-01,-2.037252705327048663e-01,1.964410914650550344e-01,-3.415544021821127485e-01,-1.067003097286420288e-01,1.190653357046420835e+00,-2.091163273219159013e-01,4.094484050015360921e-02,4.702069310081556652e-02,-1.000000000000000000e+00
1.246744063933092200e-01,-1.970300730706235626e-01,3.353322023370231258e-03,-1.786333771110782676e-01,1.650070451514777381e-01,2.509605066340347274e-02,-7.550933759888167618e-01,1.864932886860785066e-01,4.084374083178427678e-02,1.858009707125892959e-02,-1.000000000000000000e+00
1.008978519936594154e+00,1.040073806700433590e+00,1.061016320142530889e+00,1.050002452234992445e+00,1.044679720661834565e+00,1.063432698654202424e+00,5.286410513408384970e-01,9.346126885682279894e-01,9.475080653945240350e-01,9.782761473860546175e-01,1.000000000000000000e+00
-1.217856000928418947e+00,-4.597104701697894980e-01,-9.655670732953762769e-01,-5.608358154151066310e-01,-4.663134156087127558e-01,-4.456666610315181409e-01,-2.657026587447450794e-01,2.108090615334475559e-01,2.553520947231596727e-01,1.308971212979667120e-01,-1.000000000000000000e+00
-1.254812294956248353e+00,-2.222388947114154689e+00,-1.685913909185687842e+00,-2.154993261944365912e+00,-1.771924477695305811e+00,-2.002691935889711505e+00,-1.934040054045212731e+00,-1.945604705643833920e+00,-2.186374838626908179e+00,-2.200569042570555300e+00,-1.000000000000000000e+00
1.282530591922679264e+00,1.154047778505054245e+00,1.280885976086517886e+00,1.206230801621786197e+00,7.721745686459356994e-01,9.206724619436060797e-01,1.311184474923409837e+00,2.403611275010234805e-01,3.758516349352539754e-01,4.997945758015518991e-01,1.000000000000000000e+00
1.171298740513716102e-01,1.489841143822174807e-01,1.332498108326261865e-01,1.652235232236054785e-01,-1.919068647771626501e-01,-7.045175073088498496e-02,7.062819946905233293e-01,-4.291041585524079660e-01,-3.094995093443184686e-01,-2.505998471061990918e-01,-1.000000000000000000e+00
-5.902559193452728836e-01,-8.877928156843455376e-01,-7.292676742004648993e-01,-8.962177298344118359e-01,-2.557883580669881862e-01,-5.007296568890018396e-01,-1.613740010972215533e+00,7.041166318752728470e-02,-1.737255450472751095e-01,-2.696333623613417219e-01,-1.000000000000000000e+00
-1.376340740980707800e+00,-9.362672462891176162e-01,-1.256749100217996240e+00,-9.956685138559033810e-01,-1.096501417586891236e+00,-1.042958424259146089e+00,-2.116145950682329357e-01,-7.257850060391622948e-01,-6.548424738126005229e-01,-7.235213628990325718e-01,1.000000000000000000e+00
6.178135985453945267e-01,-2.615454624730099153e-01,2.954653175227234807e-01,-1.806644447563440503e-01,2.259381535783116235e-01,2.180183003699591796e-02,-9.913809561937698689e-01,-1.107995637454932403e-01,-3.350173133880040011e-01,-3.003343375762470013e-01,1.000000000000000000e+00
-5.551902662681542644e-01,-1.083477973890798890e-01,-4.012874604952283986e-01,-1.460713791335262468e-01,-4.803014696375166315e-01,-3.381836002348389547e-01,6.086810596345704205e-01,-3.656970413972970846e-01,-2.124546605701471136e-01,-2.171781174558021776e-01,-1.000000000000000000e+00
-3.019021381869689269e-01,-1.018533404290364874e+00,-5.934696029403420114e-01,-1.010143129765710412e+00,2.507572471017349147e-01,-2.312517215434612416e-01,-2.838696128023959542e+00,7.064089953673393651e-01,2.177698778115792211e-01,6.887379351091764412e-02,-1.000000000000000000e+00
3.618232885919902553e-01,9.041602760878946210e-01,5.886762183371738733e-01,8.839317714967699358e-01,2.369540005361721879e-01,5.030160160018617432e-01,1.674512448240795814e+00,8.378727557046392049e-02,3.555218022537532940e-01,4.226165926860150357e-01,-1.000000000000000000e+00
5.415693974172620662e-01,-1.791197019406148006e-01,2.806408722091400243e-01,-1.431955600720357380e-01,7.972663114035921650e-01,4.316610647282545510e-01,-1.861655578677282818e+00,9.284477025227554359e-01,5.491432039008922183e-01,4.800613952328388612e-01,1.000000000000000000e+00
-3.565650776852948844e-01,6.459209516673867224e-01,2.422562633703591664e-02,5.646665655868756684e-01,-2.659950287430094817e-02,2.528288302832942258e-01,1.526427936586533862e+00,2.275009140458612855e-01,5.269639466641119485e-01,5.194658613721701013e-01,-1.000000000000000000e+00
-5.474871409761068453e-01,-5.755050358761570894e-02,-3.763650268327234372e-01,-9.752723847117440725e-02,-4.757711256761824048e-01,-3.152290558347055627e-01,7.183459552921201974e-01,-3.657096238946888067e-01,-1.934209462232130139e-01,-1.946977658116789689e-01,-1.000000000000000000e+00
-2.177761818191618348e-01,-1.291517715721090254e-01,-1.922478399796441473e-01,-1.255711328318653008e-01,-4.371147556310623350e-01,-3.301488894963512943e-01,4.982905146234814509e-01,-5.672213753745811715e-01,-4.585640374360741567e-01,-4.231519009650483998e-01,-1.000000000000000000e+00
6.577526624476032202e-01,6.202059086384389408e-01,6.690652692303035165e-01,6.284401459621493657e-01,7.114914636135953874e-01,6.901496369906883199e-01,1.543464397630391893e-01,6.631665301010105651e-01,6.372402222002543359e-01,6.485464880292888257e-01,1.000000000000000000e+00
6.584933328448884906e-04,-7.154712972360166567e-01,-2.815181841513296201e-01,-6.582439523547249927e-01,-2.841106923605813961e-01,-4.715016297986826532e-01,-1.131245743039515528e+00,-4.667480326371753474e-01,-6.670583172284085816e-01,-6.621128001377355465e-01,1.000000000000000000e+00
1.306755076393489423e+00,9.961502309349922202e-01,1.237223304123084233e+00,1.014910090195534798e+00,1.627483425196800448e+00,1.417159659945208983e+00,-6.358631949427543395e-01,1.691084503447930043e+00,1.468990318734479494e+00,1.440393311836566825e+00,1.000000000000000000e+00
9.596177626940054495e-01,1.077257176155887342e+00,1.042502274776788473e+00,1.101295471944452320e+00,6.239674157166417157e-01,8.043997710258466993e-01,1.390638996466032618e+00,2.528457922709450023e-01,4.272001370814828003e-01,5.251075735288418533e-01,1.000000000000000000e+00
-3.905916875038576430e-01,-2.638574188467417980e-01,-3.573949545512323800e-01,-2.566164326820897235e-01,-7.639651063052355084e-01,-5.918712841171939187e-01,7.820474893047781872e-01,-9.820891663288171536e-01,-8.073726358784870660e-01,-7.492569151644489223e-01,-1.000000000000000000e+00
-1.272252498992194170e+00,-9.513682564276662035e-01,-1.195768925962156226e+00,-9.959430177633141756e-01,-1.112647864123390118e+00,-1.063248426046109918e+00,-2.112500360777755937e-01,-8.382100139711651243e-01,-7.746123306138549269e-01,-8.263976091434739324e-01,1.000000000000000000e+00
-5.875164682299963692e-01,-7.531785356143341215e-01,-6.762004669879611019e-01,-7.432717124346536197e-01,-7.399028514778805965e-01,-7.642858774620624462e-01,-4.060469876529306243e-01,-7.654898534766814144e-01,-7.895007671224228973e-01,-7.939219548257068215e-01,-1.000000000000000000e+00
1.560155331842161930e+00,9.292713324757224669e-01,1.373750950812588911e+00,9.875128372491126516e-01,1.557856764790281012e+00,1.335890946871441276e+00,-6.486217923502567428e-01,1.366296940253259873e+00,1.124129124573620908e+00,1.140005541622438834e+00,1.000000000000000000e+00
-2.382256064747176050e-01,8.369931538645325464e-01,1.771547090285133519e-01,7.305626104072177052e-01,5.128532580877100955e-01,6.782409477452274738e-01,9.769617588190471213e-01,1.049712142588294039e+00,1.237710082457863292e+00,1.166692148955156938e+00,1.000000000000000000e+00
-5.389581208191960293e-01,2.289064140843809908e-02,-3.377241471830729758e-01,-4.644264066043550521e-02,5.156253870801633457e-03,3.161137855552875048e-02,1.519729852430953300e-02,4.492707589378012178e-01,4.910121783890796232e-01,4.135815300626517477e-01,1.000000000000000000e+00
5.222277544833341389e-01,-1.660312606741937425e-01,2.709186934358800980e-01,-9.338030252716254809e-02,5.047561728277342313e-02,-5.166282471684170013e-02,-4.505198565713747216e-01,-3.360762906084968082e-01,-4.550373606060785781e-01,-3.983052683176737108e-01,1.000000000000000000e+00
1.074064208513219265e+00,5.633111674387668577e-01,9.157772807284113581e-01,6.068888741133275921e-01,1.091181128797793720e+00,9.014397477993634222e-01,-6.581436960395363744e-01,9.748718256474343535e-01,7.700985062967588002e-01,7.731518269060212445e-01,1.000000000000000000e+00
-2.957424747493900274e-01,2.580279991198334288e-01,-8.787964910365575477e-02,1.886663568236837674e-01,3.193580025294085467e-01,3.226077953826333444e-01,-8.867722866192230546e-03,7.819297290781143106e-01,7.991280467124770581e-01,7.174850870863818120e-01,1.000000000000000000e+00
-3.977805975072841727e-01,-5.589909851349346148e-01,-4.767528561980219903e-01,-5.549617728704656638e-01,-3.970577263277389468e-01,-4.689614735915790811e-01,-5.807558834559198857e-01,-3.387804517937372251e-01,-4.106778368579149796e-01,-4.344536465555368654e-01,1.000000000000000000e+00
9.965882344964417383e-01,8.380866646396800679e-01,9.725911024751856537e-01,8.767494480449087302e-01,6.996412983639098693e-01,7.572745135775076353e-01,6.986489593281439703e-01,3.592261296000346937e-01,4.063306554987481389e-01,4.820007540049917050e-01,1.000000000000000000e+00
-7.627117477529812284e-01,1.400970207982795146e-01,-4.361660741948144016e-01,4.450529749690714659e-02,-1.580881891778611603e-01,-2.065446745613785245e-02,5.769642284868135018e-01,3.492021476790971857e-01,5.091326405447531567e-01,4.344504977471387863e-01,-1.000000000000000000e+00
5.225398948622486106e-01,7.864665105083422647e-01,6.468806552331526349e-01,7.762235220770969946e-01,5.569745914460778602e-01,6.600274098344891538e-01,8.182159494598966187e-01,5.041701512786695982e-01,6.082310279397360464e-01,6.365988876950727793e-01,1.000000000000000000e+00
-3.637952221244890039e-01,-6.413577525850091554e-01,-4.864030302945996365e-01,-6.420480735671756367e-01,-1.385619735769793026e-01,-3.336738396039719001e-01,-1.248042099546957218e+00,7.884654443782328215e-02,-1.171754594273228672e-01,-1.853160035287077789e-01,-1.000000000000000000e+00
4.248938083821833245e-01,-6.315341679124092389e-02,2.504894716289122192e-01,-3.815210338235755505e-02,6.001751987530603571e-01,3.529318712217214271e-01,-1.234514217876073516e+00,6.827676361816222839e-01,4.258813984280830356e-01,3.807514866733278103e-01,1.000000000000000000e+00
1.631677835514288022e+00,4.531471914397619538e-01,1.232551050059629283e+00,5.516280545262932655e-01,1.495512982224632026e+00,1.102618985664418849e+00,-1.632186354226289549e+00,1.214712513010010264e+00,7.917108897643821974e-01,7.994710095293702246e-01,1.000000000000000000e+00
1.636321617223752245e+00,1.921973133607242312e+00,1.813928512782758462e+00,1.910687822655556367e+00,1.948490344535561247e+00,1.985022708643668699e+00,9.315974479194814029e-01,1.944707222636895771e+00,1.976814388155982760e+00,1.997586951833538293e+00,1.000000000000000000e+00
1.059007966533021650e+00,8.329795349322552944e-01,1.012099959778835601e+00,8.573806355768045506e-01,1.118703935533164717e+00,1.027556954604968542e+00,-8.532467867165136055e-02,1.026547617787473721e+00,9.252353678871994003e-01,9.378996455435661961e-01,1.000000000000000000e+00
5.373255693503860009e-01,7.850359259259365174e-02,3.777332868838981783e-01,1.213260000537960265e-01,3.756785167978761164e-01,2.583744514152241933e-01,-4.851446591627959770e-01,2.018631502359829744e-01,7.290973256417002113e-02,9.112933965513701773e-02,-1.000000000000000000e+00
-4.920788730954350210e-01,-4.038076828962591791e-02,-3.340898997882154053e-01,-7.250606277222586271e-02,-5.112496070858777442e-01,-3.335874569703397574e-01,8.266652061951170749e-01,-4.723639533099082688e-01,-2.843957992245558786e-01,-2.705365109652846378e-01,-1.000000000000000000e+00
-1.272530637963341427e+00,-1.177716478479896356e+00,-1.283063336364614004e+00,-1.238570672840060505e+00,-5.605165333754786872e-01,-7.918076500566212372e-01,-1.757120655792521635e+00,1.149157551301595581e-01,-1.029264493855589491e-01,-2.630957107142118945e-01,-1.000000000000000000e+00
-3.764956272763007039e-01,-1.476635359717444196e+00,-8.238002715716171709e-01,-1.410997304217252779e+00,-4.928905728431116073e-01,-8.984852618861621787e-01,-2.527524090805770562e+00,-4.938452458127879363e-01,-9.151778105281984654e-01,-9.756174104410370029e-01,1.000000000000000000e+00
-8.501671296494930363e-01,-1.113073843566592780e+00,-9.875921540096027629e-01,-1.097575404085781026e+00,-1.066996367542085711e+00,-1.112796706199499219e+00,-6.480792068020057028e-01,-1.100721071771272985e+00,-1.146334270934421973e+00,-1.154780609812113168e+00,1.000000000000000000e+00
-1.886243312750198298e+00,-8.208404160118549786e-01,-1.540311779814033111e+00,-9.368779077867139815e-01,-1.362061585997839330e+00,-1.152819184096134153e+00,5.203407447565568944e-01,-7.669762297883140345e-01,-5.257744253164308157e-01,-6.156880055197465618e-01,-1.000000000000000000e+00
-7.687022589450941412e-01,-1.627429341420584707e+00,-1.137406112894004506e+00,-1.568300681957081055e+00,-1.127465554745622267e+00,-1.360441006932477492e+00,-1.723132458699643266e+00,-1.256120964978259202e+00,-1.499690717291734643e+00,-1.517475318697931730e+00,-1.000000000000000000e+00
2.555920498663824536e-01,-4.083967428520196563e-01,2.686246753315354747e-03,-3.302851515541743166e-01,-4.124491654095665538e-01,-4.421417772153942716e-01,-1.692309324439380536e-01,-9.042643766417987061e-01,-9.496802197778421162e-01,-8.671118582159589305e-01,-1.000000000000000000e+00
-4.916278539250348301e-01,-4.741907718602289545e-01,-5.041458386205334152e-01,-4.815600695597567760e-01,-4.974162194329516118e-01,-4.975594996633702638e-01,-2.035867422357110768e-01,-4.364435955272489842e-01,-4.331520242195496806e-01,-4.481365550259091557e-01,-1.000000000000000000e+00
-6.959519502367155219e-01,-6.455014010883363129e-01,-7.035422872882886036e-01,-6.576045782617254698e-01,-7.011497551779453108e-01,-6.921093937700670828e-01,-2.340693384777005892e-01,-6.134444181468373669e-01,-5.991145092783773940e-01,-6.192630618378204277e-01,-1.000000000000000000e+00
4.590985026650653555e-01,1.004899950829002547e-01,3.336140804095951706e-01,1.722636578176790223e-01,-3.738178947254706674e-01,-2.210859136967073812e-01,9.485155191668785957e-01,-1.019363059745815647e+00,-8.796483917644334349e-01,-7.431239195601883063e-01,1.000000000000000000e+00
-7.044924427809839962e-01,3.234576806035829311e-01,-3.279348464494651338e-01,2.449430631132593073e-01,-5.418186585647178921e-01,-2.009729653335045330e-01,1.714714159175216412e+00,-3.614641713389481481e-01,1.211696345447905911e-03,1.184221133730070478e-02,-1.000000000000000000e+00
1.222250531384596606e+00,5.954087066175887122e-01,1.021081521782120083e+00,6.992254909428453624e-01,2.774529972692749147e-01,3.759078107752985010e-01,9.296638978971392131e-01,-5.420410099617347655e-01,-4.664140141277350882e-01,-3.006983658136505033e-01,-1.000000000000000000e+00
-4.391690989145979190e-02,-8.545961717759764653e-02,-6.135061493339194483e-02,-9.371058589550106122e-02,1.448635953574269886e-01,6.237392660540595768e-02,-4.682746057530808859e-01,2.867121750850819550e-01,2.048209965657768472e-01,1.684478719188183538e-01,-1.000000000000000000e+00
-3.231379712271666982e-01,-4.858322676472521806e-01,-3.996104159775032416e-01,-4.830991384392239740e-01,-2.776407101363322361e-01,-3.641978170040036655e-01,-6.283741526276318545e-01,-1.973145439513226129e-01,-2.841409094487778453e-01,-3.130830310317068710e-01,-1.000000000000000000e+00
-2.014654720102108332e+00,-2.383750059462981241e+00,-2.240517328135383845e+00,-2.362935631117269342e+00,-2.509352242479303552e+00,-2.523210838073963735e+00,-9.830927939903137958e-01,-2.582977827783213165e+00,-2.592237443422248599e+00,-2.599990891628511491e+00,-1.000000000000000000e+00
-3.588666218490736970e-01,-2.519608110487856489e-01,-3.318231872253403214e-01,-2.495015743682678089e-01,-6.130130928405292945e-01,-4.893609493797058119e-01,5.319467899009164835e-01,-7.496720570573582876e-01,-6.233022146449027634e-01,-5.857051644134931845e-01,-1.000000000000000000e+00
1.091522427237096693e+00,1.311580847648724735e+00,1.221245115017855598e+00,1.307985087107793820e+00,1.193833787927112144e+00,1.266505481808776645e+00,8.857759668171041323e-01,1.114828636376789195e+00,1.184471449319804748e+00,1.218261999712777932e+00,1.000000000000000000e+00
1.444896361531821549e+00,2.646720788421474957e-01,1.036716484191229526e+00,3.778333841843759533e-01,9.886873546959438208e-01,7.020430114088697104e-01,-1.140668347675782401e+00,5.043624421729306917e-01,1.871367274492227728e-01,2.430929172062767929e-01,-1.000000000000000000e+00
-5.512955409521098638e-01,9.693630474892871163e-02,-3.156934461109857093e-01,7.120375483070988561e-03,2.780726371337736702e-01,2.403707478226029814e-01,-3.189605251712439027e-01,9.249903614245003070e-01,9.055118141036254675e-01,7.841184798397070610e-01,-1.000000000000000000e+00
8.668201885930182371e-01,7.140404223356453528e-01,8.418712576345149801e-01,7.191332879481117102e-01,1.158661954821771145e+00,1.013109075633299661e+00,-4.448004900363476399e-01,1.255774602844697441e+00,1.103674290924285151e+00,1.074427105998626786e+00,1.000000000000000000e+00
-2.903795757894804819e-01,3.484673372151931847e-01,-4.857008772209308461e-02,2.689184574459162480e-01,4.233138661784786039e-01,4.265905016318298215e-01,8.509166033450405939e-03,9.530949142730701373e-01,9.721549794789149379e-01,8.790292765675752351e-01,1.000000000000000000e+00
-7.773958022174994043e-02,-4.352576529938022576e-01,-2.210084622784613262e-01,-4.189043056753116723e-01,-1.116437025385877933e-02,-1.781541403607717067e-01,-9.914516225619282030e-01,5.711017413418190830e-02,-1.147425485903527664e-01,-1.507052494577383328e-01,1.000000000000000000e+00
1.114832024950993761e+00,1.355392706776046285e+00,1.256863808300586083e+00,1.295822078135665745e+00,2.247573764890918202e+00,1.973467888984042906e+00,-9.613432437513166340e-01,2.900555925845297978e+00,2.628933320381810379e+00,2.488431906205744504e+00,1.000000000000000000e+00
5.119030482261585080e-01,5.778147631224702652e-01,5.575701522193093895e-01,5.869455985073182003e-01,3.984528811347640698e-01,4.733378465891031062e-01,6.277562632810704812e-01,2.472251667685182452e-01,3.192579817531718267e-01,3.604520520392175409e-01,1.000000000000000000e+00
1.480814775908533720e+00,8.116448432650258393e-01,1.274819524397486692e+00,8.946595643485921734e-01,1.037032550895239602e+00,9.505929028340822651e-01,3.851668169771185063e-02,5.419669596138593226e-01,4.329418333078752790e-01,5.192838255777034728e-01,1.000000000000000000e+00
1.073993173378514632e+00,1.125945356636856465e+00,1.135565832288976118e+00,1.155592694571270007e+00,7.344417722565241835e-01,8.921369438151544040e-01,1.304980090786963309e+00,3.471755622926943619e-01,4.969818673605089221e-01,5.955028211599615595e-01,1.000000000000000000e+00
-1.306174313955173361e+00,-3.278412361614698178e-01,-9.713745289564494900e-01,-4.348557516609595774e-01,-7.083599414437934394e-01,-5.485090725222953045e-01,4.829408059025354638e-01,-1.355925301491979762e-01,5.144858913416298918e-02,-3.628628563778583949e-02,1.000000000000000000e+00
1.189499010033171267e+00,1.424946176076156812e+00,1.329594971139167248e+00,1.413970148768201707e+00,1.437792149790487972e+00,1.468066036303649513e+00,7.020505814512427722e-01,1.449491224745018236e+00,1.477102993495838623e+00,1.490247129288386096e+00,1.000000000000000000e+00
-1.154982890242229665e+00,-7.245152737799404052e-01,-1.029655862478927153e+00,-7.935021022695530890e-01,-6.292489777011872620e-01,-6.602491926564750813e-01,-5.741857820916088651e-01,-1.122352024359313527e-01,-1.261506947413068014e-01,-2.298279879981572627e-01,-1.000000000000000000e+00
1.085884484794488181e+00,8.079599637519541133e-01,1.020175927741499677e+00,8.271005264973090298e-01,1.307709585202256442e+00,1.140444995776584536e+00,-4.915887383384479059e-01,1.329226040274657628e+00,1.151632453135539080e+00,1.134305464388312146e+00,1.000000000000000000e+00
-2.296486596280066461e+00,-1.784528748581452939e+00,-2.185601325368308867e+00,-1.848585687314040937e+00,-2.241439162637616445e+00,-2.098718472066631424e+00,-1.058547736110131976e-01,-1.910501595230194694e+00,-1.744433477707015845e+00,-1.802138399517061673e+00,-1.000000000000000000e+00
1.894299373177142365e-01,4.886751991591858357e-01,3.154442282494296368e-01,4.568243971000333636e-01,5.049401628252183638e-01,5.189770918935416866e-01,2.073556850773649596e-01,6.962457462170288380e-01,7.154693056716227018e-01,6.863459163022912479e-01,1.000000000000000000e+00
-3.517370096497796639e-01,-1.241732774025568586e+00,-7.154800579752901291e-01,-1.188863504820045103e+00,-4.535227546643944008e-01,-7.798853494022516264e-01,-2.055049454858230540e+00,-4.534448553459415332e-01,-7.922729900704873485e-01,-8.414975537618066825e-01,1.000000000000000000e+00
9.557028009641980182e-01,1.088597422757578093e+00,1.046539519320228484e+00,1.076803373813317144e+00,1.272575576664116248e+00,1.233970719682335293e+00,2.165325114369121562e-01,1.367413637297435036e+00,1.326378692680976412e+00,1.313406844242947846e+00,1.000000000000000000e+00
8.306279775921452391e-01,1.040832804023910541e+00,9.462864591309300133e-01,1.033067808881360961e+00,9.556615948040407815e-01,1.011740609307088423e+00,6.857585011903156724e-01,9.279831767401270914e-01,9.826844197939872405e-01,1.002939500193559264e+00,1.000000000000000000e+00
4.924117675310056286e-01,-4.505650254911242047e-01,1.414903446760993888e-01,-3.899198757181389641e-01,5.170730499396147817e-01,1.415844814011744113e-01,-1.974425165172960739e+00,4.963090216190764181e-01,1.026923133671061306e-01,5.784729234855174457e-02,-1.000000000000000000e+00
-1.218459380837045858e+00,-9.909134636136445184e-01,-1.177009226381536600e+00,-1.021214577251831956e+00,-1.209840800917310721e+00,-1.144599177081938590e+00,-1.201695119617949281e-01,-1.047674359337290584e+00,-9.708560726347575942e-01,-1.000646592176863248e+00,1.000000000000000000e+00
-2.847247062377600280e-02,1.047208027966844313e+00,3.939948779653318911e-01,9.658507210975874058e-01,3.062227368139064376e-01,6.192814162650421839e-01,1.857154083238556685e+00,5.177913677909078416e-01,8.499521728672779775e-01,8.574960017352493136e-01,-1.000000000000000000e+00
5.436337866950911035e-01,1.147837319709294479e-01,3.967865787733795280e-01,1.439804037186841468e-01,6.055795316161972641e-01,4.232309388443158960e-01,-8.261927368467296695e-01,5.896909141659498754e-01,3.972886904468480029e-01,3.792936392561270798e-01,-1.000000000000000000e+00
-9.393691185546545475e-01,-1.456762273016682263e+00,-1.181882512659394369e+00,-1.400800499450381320e+00,-1.656518999481525922e+00,-1.632911503851759427e+00,-3.578869701891782551e-01,-2.028171694884233656e+00,-2.010455197837961006e+00,-1.951935725591351867e+00,-1.000000000000000000e+00
6.789932295172618204e-01,1.617569271283217258e+00,1.076899858820767220e+00,1.529933602308338525e+00,1.460679520553887611e+00,1.577979890319797018e+00,1.079021944646812114e+00,1.900944548264278167e+00,2.032886195096857307e+00,1.980064715841219458e+00,1.000000000000000000e+00
3.267452779917882077e-01,2.783409280910459013e-02,2.201091716596540460e-01,8.426191572332589197e-02,-3.181249666724119685e-01,-2.088872538838164872e-01,6.702526172717341302e-01,-8.134791841363984144e-01,-7.144735803555947173e-01,-6.110680479538059817e-01,-1.000000000000000000e+00
1.288330301654873056e-01,9.468536468803977479e-01,4.545607521738073142e-01,9.112347632379542706e-01,-6.955422775511573008e-02,3.275057546022639987e-01,2.328317876615607407e+00,-2.521104448909718965e-01,1.561555588783513637e-01,2.446231621883010465e-01,-1.000000000000000000e+00
-6.470546108626099580e-01,-9.407499938448011800e-01,-7.872166127046678064e-01,-9.431772544666710001e-01,-4.433718033513455170e-01,-6.427252038432463843e-01,-1.392266964459667244e+00,-2.030789374329077801e-01,-4.018759815569885596e-01,-4.771343359151853925e-01,1.000000000000000000e+00
1.754632726782015872e+00,3.763321236445202334e-02,1.147178117892922788e+00,1.968774280837332358e-01,1.103656580209601668e+00,6.758305726032451943e-01,-1.862963088279697255e+00,4.545034133525567288e-01,-1.549514343461030723e-02,5.169040649516325192e-02,1.000000000000000000e+00
-9.319663746286352968e-01,-9.617305137343883370e-01,-9.803258753799156677e-01,-9.727506872401547877e-01,-9.292071003948629837e-01,-9.592692546793091246e-01,-5.568292461761904510e-01,-8.019969578672898614e-01,-8.264802110888200826e-01,-8.610796317774009889e-01,1.000000000000000000e+00
-3.172333718957826565e-01,-1.999091677399187361e-01,-2.840993583437059211e-01,-2.034364475389717208e-01,-4.602854655769721970e-01,-3.700233810710086280e-01,3.720770852983317223e-01,-5.234851192278776599e-01,-4.300334640702232480e-01,-4.093691892418466760e-01,-1.000000000000000000e+00
2.086508800342268544e-01,2.816731732452885661e-01,2.457211100109239210e-01,2.772925566056316793e-01,2.633353179356885954e-01,2.774586150351441294e-01,1.760175323530609182e-01,2.724148575276068573e-01,2.866356083548744493e-01,2.889770210130652162e-01,1.000000000000000000e+00
2.251428826643213088e-01,-6.969042056731726831e-01,-1.278080386213797659e-01,-6.455300971388809872e-01,3.325763644665561403e-01,-6.805601484836175386e-02,-2.217567038405108271e+00,4.059707733490388049e-01,-1.029459991190529236e-02,-7.728998899296281311e-02,-1.000000000000000000e+00
9.128502448180823015e-01,4.294730640845578207e-01,7.575186587714290987e-01,4.932302144114754094e-01,4.816529216801168634e-01,4.544672139239902542e-01,1.512894549562329161e-01,6.598354071773655793e-02,2.292664736416199014e-02,9.879381550951459035e-02,1.000000000000000000e+00
1.259730895912927418e+00,1.721871865258962409e+00,1.492150400676764521e+00,1.689985927288704337e+00,1.668276819230944064e+00,1.734993508362340453e+00,9.669160610151551483e-01,1.778444474735343173e+00,1.846495218673537941e+00,1.848516894552100664e+00,1.000000000000000000e+00
-4.787816336927832594e-01,-9.107821974944837473e-01,-6.690541808006892355e-01,-8.630624539228581860e-01,-1.018784340469391259e+00,-1.013695763173442899e+00,-2.493097268103464936e-01,-1.327904521292352813e+00,-1.329410551889228076e+00,-1.280018613988644027e+00,-1.000000000000000000e+00
1.367358236478696920e+00,5.178140404721365275e-01,1.086866424903166539e+00,5.964143172466664922e-01,1.175264280639350289e+00,9.279814931178238524e-01,-9.037102995398509364e-01,8.802676222673547768e-01,6.095563797926022431e-01,6.378542188133258239e-01,1.000000000000000000e+00
-5.825228940736962846e-01,-1.286575159034436810e-01,-4.270940790745317850e-01,-1.645767644860040568e-01,-5.560096423949851818e-01,-3.949121222213530236e-01,7.002990506044598495e-01,-4.724996574157820373e-01,-3.002387819337001273e-01,-2.972007363945520231e-01,-1.000000000000000000e+00
2.695747166853883492e+00,2.411582163983478466e+00,2.688153628975860521e+00,2.498922837958338139e+00,2.056427295133013367e+00,2.213453882244473814e+00,1.921360474678416308e+00,1.248449424817948294e+00,1.380154629605432781e+00,1.565632689636168973e+00,1.000000000000000000e+00
8.959446233083788735e-01,7.271947827526130670e-01,8.629623405553075166e-01,7.815783564675058415e-01,2.906916492209208891e-01,4.487076490266347362e-01,1.193257550582277338e+00,-2.561149399349395561e-01,-1.097355199048456464e-01,1.458424619379146067e-02,-1.000000000000000000e+00
-6.501587917873137279e-01,-5.969396400074051812e-01,-6.540142340135287613e-01,-6.225308165477932976e-01,-3.945018136638281381e-01,-4.734765200762474091e-01,-6.866125490683697707e-01,-1.267466110343797581e-01,-1.993335910126798061e-01,-2.623696907812076429e-01,-1.000000000000000000e+00
3.682655563884397854e+00,4.056847237414501706e+00,3.975636772721093060e+00,4.067023424201013704e+00,4.014504040566061249e+00,4.117415060031338392e+00,2.160309888575874915e+00,3.749107456374295211e+00,3.835847284232267729e+00,3.929603953451946907e+00,1.000000000000000000e+00
-2.089893859646291041e+00,-1.509486694888133584e+00,-1.942799016757457142e+00,-1.594455113608366226e+00,-1.666455712375757736e+00,-1.619668006326370424e+00,-5.219665534176440858e-01,-1.102055591521819533e+00,-1.030258313722858921e+00,-1.139662624127959933e+00,1.000000000000000000e+00
2.099895857201243554e-02,5.789096964653744903e-01,2.434794419499712870e-01,5.049149071445419024e-01,7.984367956004826405e-01,7.532083291067899200e-01,-1.355798646544610908e-01,1.334520661424595023e+00,1.302094650899459527e+00,1.203901243290748546e+00,-1.000000000000000000e+00
6.086264622098022103e-01,3.017719313322992369e-01,5.096864268246050766e-01,3.670597341104098188e-01,-1.218709093359743589e-01,1.894495986063231968e-02,9.563225000790686048e-01,-7.157485687831723897e-01,-5.875619771598196150e-01,-4.602164024787675500e-01,-1.000000000000000000e+00
-5.716957774882451826e-01,-8.795850424944427759e-02,-4.039422288202567657e-01,-1.282153120945084268e-01,-4.940718915168643144e-01,-3.384877236847225745e-01,6.805159173763333236e-01,-3.763817997751727207e-01,-2.089625731488359284e-01,-2.124689747644125937e-01,-1.000000000000000000e+00
5.951034415824584256e-01,-7.161702142937075022e-02,3.550596345631905626e-01,1.791224806223778391e-03,1.040168506944611909e-01,1.848505634120885602e-02,-3.271097640382644167e-01,-3.066895151009503273e-01,-4.092722750566893941e-01,-3.453871844291532267e-01,1.000000000000000000e+00
-1.089848773106250723e+00,-1.963904651092844622e+00,-1.477248788475737928e+00,-1.907622008780422318e+00,-1.459894023855090150e+00,-1.701032666213000866e+00,-1.904122534323101412e+00,-1.553300763008221841e+00,-1.803255646784475141e+00,-1.831179615807645433e+00,-1.000000000000000000e+00
4.332305872261970059e-01,-5.339915698770285601e-01,6.802777322385052117e-02,-4.326458533477554047e-01,-2.918099294507567332e-01,-4.194980118839934380e-01,-6.740089796305056558e-01,-8.392346618830324179e-01,-9.889367028876873134e-01,-9.090079017888643698e-01,-1.000000000000000000e+00
5.083992047644656509e-01,8.709866630058131776e-01,6.700862087651960897e-01,8.687747326647664581e-01,2.808120145061939743e-01,5.133215039556414672e-01,1.524220527268007164e+00,3.995897904031577713e-02,2.737875468077308194e-01,3.525456079646021590e-01,-1.000000000000000000e+00
5.378389621176069557e-01,1.347017276627298532e+00,8.787505714636323351e-01,1.275210410460160926e+00,1.129631935495116757e+00,1.258205361792628540e+00,1.057594141672990151e+00,1.456909725265614908e+00,1.597988775307923381e+00,1.564856938351174342e+00,1.000000000000000000e+00
8.030225357907172512e-01,9.136285483986028577e-01,8.778962033503462381e-01,9.208699212999971184e-01,7.496171791988467392e-01,8.270040213342704227e-01,7.709707946873801676e-01,6.011116028076133322e-01,6.747844695642288837e-01,7.185281035476366318e-01,1.000000000000000000e+00
1.162300179216760654e+00,1.381137132018437796e+00,1.294595666964993397e+00,1.374164578687812277e+00,1.347039168767071082e+00,1.392104432557874860e+00,7.670909676452249970e-01,1.317474238284814803e+00,1.359459214180890552e+00,1.381521322669506446e+00,1.000000000000000000e+00
1.057686962601498637e+00,2.296086267197317010e+00,1.587132674541389399e+00,2.214613372743909459e+00,1.491132946180676822e+00,1.855123104875912921e+00,2.613945012636320175e+00,1.623532735463675936e+00,2.002696432085611544e+00,2.040946114356802621e+00,1.000000000000000000e+00
-1.866464603072653716e+00,-1.879862490515670892e+00,-1.946020372031074475e+00,-1.890517270483298651e+00,-2.125154894369400971e+00,-2.075804493389380667e+00,-5.192509279705644909e-01,-2.060370624902453596e+00,-2.000477162119727037e+00,-2.021723035316203010e+00,-1.000000000000000000e+00
-7.392887431428800671e-01,-8.122197944543179116e-01,-7.963065846537237258e-01,-8.298766625432821842e-01,-5.162446567061517166e-01,-6.359332765741169124e-01,-9.645956664000912006e-01,-2.562209120005007890e-01,-3.711283332325751028e-01,-4.393906674881428165e-01,1.000000000000000000e+00
-4.472611758057160047e-01,-5.453544696257507374e-01,-5.042704332865497463e-01,-5.311663560871480172e-01,-7.183244191236796139e-01,-6.722336997850925089e-01,4.269155130228520501e-02,-8.493200411479057133e-01,-8.033012888817201436e-01,-7.784154750514771237e-01,1.000000000000000000e+00
1.496066914837639983e+00,1.343414253410134984e+00,1.496269651401716860e+00,1.351449211195952627e+00,1.892094783715628781e+00,1.722299611991347401e+00,-3.113167921179171849e-01,1.979612021777189534e+00,1.799732763770801158e+00,1.774474806658087767e+00,1.000000000000000000e+00
8.199308555642335072e-01,6.622740817986995099e-01,7.881959818821770991e-01,7.169275207091974078e-01,1.782116791830611058e-01,3.518227239426912067e-01,1.247046558035648678e+00,-3.848076912809694772e-01,-2.223521874502187579e-01,-9.374764415718078725e-02,-1.000000000000000000e+00
4.360422732933542656e-01,2.565156571490914694e-01,3.818780661622542816e-01,2.863222964582784469e-01,1.858532601339633328e-01,2.086055972100304412e-01,2.730541224723703198e-01,-4.576011228240497303e-02,-2.999731197465026200e-02,1.695293774326294550e-02,-1.000000000000000000e+00
-1.734537673878178143e+00,-2.548638871085558755e+00,-2.124167852672324663e+00,-2.497883054965278404e+00,-2.230234488841320140e+00,-2.416050557503400142e+00,-1.866740878757893185e+00,-2.329052814281983963e+00,-2.519199705267546108e+00,-2.544298517802468407e+00,-1.000000000000000000e+00
-1.202728138498897925e+00,-8.308067262739587955e-01,-1.102658713954123071e+00,-8.906888712953406895e-01,-7.951717453890781995e-01,-8.096470881483436299e-01,-5.158370930163359569e-01,-3.544631207327490485e-01,-3.530915422805198656e-01,-4.417802484501797688e-01,1.000000000000000000e+00
5.431076242653091191e-01,1.069439426140219584e+00,7.720052786976897563e-01,1.032859409830232167e+00,7.875613195139453682e-01,9.232172863888369330e-01,1.047973262009789464e+00,8.743493212299664474e-01,1.016159595681310313e+00,1.025351015087800244e+00,1.000000000000000000e+00
7.264059922955709570e-02,5.036521215218006109e-01,2.467987771035462796e-01,4.462368791441951310e-01,6.922276553930364340e-01,6.517839119348415311e-01,-1.106366757877275814e-01,1.112399248790905792e+00,1.081578625282064277e+00,1.004426935114493213e+00,1.000000000000000000e+00
-1.683967739098739258e-01,-5.402668467660592944e-01,-3.209655268797466099e-01,-5.227337366399090746e-01,-1.311058148741761076e-01,-2.953967750848080498e-01,-1.017466983156264160e+00,-7.122426866154232816e-02,-2.401715460184145612e-01,-2.751430301045599824e-01,-1.000000000000000000e+00
2.083165311677807885e-01,-2.029502742270637428e-01,5.408922004501681008e-02,-1.613420850827199382e-01,-6.610271481737596544e-02,-1.316320796431937334e-01,-3.367777972194654912e-01,-2.779042181140132239e-01,-3.527748464209862767e-01,-3.237500886421033064e-01,-1.000000000000000000e+00
-9.038759793340175319e-01,-1.484206971946230080e+00,-1.168638195173081762e+00,-1.441808905167622168e+00,-1.289291468670614282e+00,-1.404541284175370608e+00,-1.099091682382023372e+00,-1.427008695556539530e+00,-1.547667244398411190e+00,-1.548543222248036866e+00,-1.000000000000000000e+00
2.111907434699638930e+00,1.561002796005160898e+00,1.977052607023607855e+00,1.648074427183342294e+00,1.622342762402934069e+00,1.610535309713710062e+00,7.240549720233936393e-01,1.006937162399384578e+00,9.701063730814053487e-01,1.093396117510474275e+00,1.000000000000000000e+00
4.598775858835241204e-01,8.418387310085670427e-02,3.303202758166619013e-01,1.139551305506086853e-01,4.315582113122533037e-01,2.999924745612489452e-01,-5.794506350430008723e-01,3.608597315646834280e-01,2.201649853344463670e-01,2.179673400319804832e-01,-1.000000000000000000e+00
-1.736477769770676804e-01,-6.239818042049870561e-01,-3.596770931842759866e-01,-5.617436748319277751e-01,-8.878332060632796452e-01,-8.243382888788260976e-01,1.886034850650932515e-01,-1.361504478335415103e+00,-1.307776577278651819e+00,-1.219118283514855294e+00,1.000000000000000000e+00
-2.573335522357058092e-01,-1.041086387342917252e+00,-5.758249060239214456e-01,-9.899776717632646772e-01,-4.188157406355791923e-01,-6.804699590815446175e-01,-1.649632229230866720e+00,-4.770386629129046430e-01,-7.503820879195071125e-01,-7.796171855142910445e-01,1.000000000000000000e+00
4.949339184914431922e-01,6.818726667716566991e-01,5.881771433591331810e-01,6.720083629597072283e-01,5.997403698694635521e-01,6.473065496573876532e-01,4.954019387295272026e-01,6.030956717059122729e-01,6.509833007628231805e-01,6.616400485032530865e-01,1.000000000000000000e+00
-7.328644704821816180e-01,-1.503854345067048293e-01,-5.327752323836033588e-01,-1.968814363417486779e-01,-6.876597518795610764e-01,-4.844941891057389927e-01,8.856924348784980250e-01,-5.744701283093666122e-01,-3.570153902887631681e-01,-3.545189487343584078e-01,-1.000000000000000000e+00
-6.737060786433651284e-03,-1.014219086429645061e-01,-4.373717717605153654e-02,-1.034697813677091099e-01,1.337202220550531562e-01,4.738960855872018790e-02,-4.826724415825378589e-01,2.376467544197523041e-01,1.505744730936627584e-01,1.205091490949800476e-01,-1.000000000000000000e+00
-2.012494621431176522e+00,-2.347505605531185147e+00,-2.223347653277508496e+00,-2.354019217872624470e+00,-2.032857675681587928e+00,-2.196675797873191005e+00,-1.780730207349166205e+00,-1.769101045955418616e+00,-1.925333515111654181e+00,-2.012107317235949822e+00,-1.000000000000000000e+00
-1.221295348746152198e+00,-1.312431444655240753e+00,-1.304847083255360474e+00,-1.328718238275909069e+00,-1.125978804500989749e+00,-1.217792366648009494e+00,-1.020110879056242537e+00,-8.922933853401842086e-01,-9.771540680384467326e-01,-1.041378646467332914e+00,1.000000000000000000e+00
-1.417033494639411695e-01,3.143996867904181869e-01,3.299469148557119397e-02,2.671295352941818746e-01,2.063134706140507535e-01,2.655741756153336408e-01,3.389412140556172237e-01,4.604710514549083533e-01,5.297386741410174960e-01,4.931702613161422777e-01,1.000000000000000000e+00
9.830514225221939073e-01,7.322357795195625352e-01,9.227448726816894764e-01,7.681722079307837792e-01,8.349303510354492142e-01,8.041664724693825539e-01,2.024596178790888379e-01,6.052553248985245160e-01,5.633463663688551559e-01,6.074282286352611360e-01,1.000000000000000000e+00
1.175617328643842052e+00,4.826553562557846927e-02,7.778504573990584481e-01,1.506646298356083546e-01,7.945265778080605745e-01,4.980809009666019582e-01,-1.296711296708100036e+00,3.982374421660673236e-01,7.418923555905923561e-02,1.111896553492629225e-01,1.000000000000000000e+00
-1.888799912247820290e+00,-9.863885840484022394e-01,-1.603909041639413946e+00,-1.143709627722178546e+00,-4.142705891778244442e-01,-5.978481185127083597e-01,-1.616956408739775641e+00,8.643985896817329984e-01,7.151141755827306046e-01,4.524912810037794997e-01,-1.000000000000000000e+00
-7.844684870845700653e-01,-1.125509147226967516e-01,-5.487062725398078600e-01,-2.074649353973827270e-01,5.522825854219088476e-02,1.909759133614940055e-02,-4.040092570598225463e-01,7.399518572839592911e-01,7.239876079572018508e-01,5.941929041665483524e-01,1.000000000000000000e+00
-3.515775096387182552e-01,1.106331155427396212e-01,-1.835616203737363283e-01,7.371597073266353273e-02,-2.570649706888656350e-01,-1.118193592919789342e-01,7.134402628246948597e-01,-1.560689490025679582e-01,-6.713205995487003894e-04,-7.549158194674605686e-04,-1.000000000000000000e+00
-7.607762603320843420e-01,-3.545043701813508502e-02,-5.047631235454523857e-01,-1.058029113345992367e-01,-4.330880485951685843e-01,-2.708924623272616072e-01,6.793592871756576335e-01,-1.186319338836947374e-01,6.177850226767561681e-02,2.370109080931099774e-02,-1.000000000000000000e+00
1.367780917743456781e+00,1.275603963839469834e+00,1.385583567889415724e+00,1.296584876106000150e+00,1.422830246316094449e+00,1.392382138260238378e+00,3.932208717084321181e-01,1.282267215686930362e+00,1.241766949153723099e+00,1.274119287839563519e+00,1.000000000000000000e+00
-3.314141245068751851e-01,-8.084861983749994652e-01,-5.341884289147612597e-01,-7.462560631731656180e-01,-1.056076190287834615e+00,-1.002550403512745936e+00,6.433681822536348183e-02,-1.515397132372523048e+00,-1.471097274208770456e+00,-1.387750729616498147e+00,-1.000000000000000000e+00
-5.551003876917222080e-01,-1.554671105746184168e+00,-9.712097485403387020e-01,-1.476280293894766560e+00,-1.065580873523462646e+00,-1.298452593155884793e+00,-1.657932012280293854e+00,-1.326979675565437500e+00,-1.574865709979650807e+00,-1.567897218639407342e+00,-1.000000000000000000e+00
-5.420595053040958566e-01,-1.778097930378859659e-01,-4.196800002087090475e-01,-2.171206446233048259e-01,-3.435610512550451023e-01,-2.767729477119780790e-01,1.954797568606748692e-01,-1.400608634996498847e-01,-6.291274256792986352e-02,-9.338958401390924646e-02,-1.000000000000000000e+00
-1.462028016442161737e+00,-1.119785362183430388e+00,-1.384113060858141342e+00,-1.176611798736545644e+00,-1.144743046470038994e+00,-1.144718074319758916e+00,-5.518624364595322573e-01,-7.330192976423531848e-01,-7.164084400512226170e-01,-8.004518400846600823e-01,1.000000000000000000e+00
-1.271902003864446407e+00,-1.751041969132776766e+00,-1.510158414087021228e+00,-1.740084645748858572e+00,-1.273412548999110827e+00,-1.487516847337799986e+00,-1.765755465642955935e+00,-1.090853380704238873e+00,-1.304376742847212611e+00,-1.377522965310343794e+00,1.000000000000000000e+00
2.038349079826377253e+00,1.445027205678048210e+00,1.883769479094819843e+00,1.536383886742335392e+00,1.496529903524236760e+00,1.484466393254181060e+00,6.844034067336639549e-01,8.548631939343662722e-01,8.173048662574547985e-01,9.443927269817998793e-01,1.000000000000000000e+00
-1.184343946616053245e+00,-2.003808486611712070e+00,-1.554001306686099815e+00,-1.952324450718058824e+00,-1.548441881126491504e+00,-1.771606756876450417e+00,-1.837648743433831999e+00,-1.626574463234342405e+00,-1.857040235313314858e+00,-1.885917666343686294e+00,-1.000000000000000000e+00
-7.540259034509798619e-01,-6.858665336876730301e-01,-7.567601922178005536e-01,-7.028620918617614066e-01,-7.018429574979199170e-01,-7.066040414433679695e-01,-3.293166661705827503e-01,-5.659328599476078914e-01,-5.644479859642900221e-01,-5.953466790809741616e-01,1.000000000000000000e+00
4.671701854400705511e-01,5.566583743993571698e-01,5.197349689649600757e-01,5.737360306437867541e-01,1.678847215146102578e-01,3.154381798169543782e-01,1.003048676664066718e+00,-1.107369190307523760e-01,3.366867268110707717e-02,1.065595903227013475e-01,-1.000000000000000000e+00
-8.422813994808913129e-01,-7.224293407661673827e-01,-8.283190609927068015e-01,-7.414436136756900053e-01,-8.313896243610752190e-01,-8.029254908635998778e-01,-1.789149711052815117e-01,-7.146807330182558538e-01,-6.787866497610054450e-01,-7.025151630740178454e-01,-1.000000000000000000e+00
-1.532538528512240317e-01,6.087929386790420505e-01,1.429258253679753787e-01,5.142506106815531997e-01,7.404855660044203924e-01,7.333389636744924722e-01,3.171739754933173422e-02,1.376940541202210433e+00,1.387589126860018673e+00,1.275940271274120352e+00,-1.000000000000000000e+00
5.588832230707063697e-01,5.668318206963067762e-01,5.839032590013977231e-01,5.755324742281814343e-01,5.289559528927535448e-01,5.527859994063425431e-01,3.633062665606234254e-01,4.327717679700103237e-01,4.529516868456252010e-01,4.779333456749529363e-01,1.000000000000000000e+00
-5.591861376815444873e-02,3.151604503897725285e-01,8.707477083263337470e-02,3.018416426851576739e-01,-2.279790955502029037e-01,-2.167226584560612637e-02,1.148805095649873431e+00,-3.541222545528273091e-01,-1.424158001895978742e-01,-9.220318443286412702e-02,-1.000000000000000000e+00
-1.477429187280775436e-01,-5.219274343524569204e-01,-2.998348905724498858e-01,-5.134329079785086014e-01,6.638496355923580172e-02,-1.594364153598923639e-01,-1.339341234801949110e+00,2.498328496158029044e-01,2.010000299221485418e-02,-4.456211552270732817e-02,-1.000000000000000000e+00
3.611885566090801691e-01,8.277995551009905695e-01,5.608935551153725330e-01,7.687672621543429896e-01,1.045049601554861374e+00,1.001974233192278962e+00,2.357093851431113322e-03,1.471569741127989994e+00,1.437148939101061673e+00,1.361177421023542111e+00,1.000000000000000000e+00
1.147465747013764359e+00,-6.337563311993374415e-02,7.135729865456655885e-01,8.025021392158784850e-02,7.967284388811610163e-02,-1.375499299916243222e-02,-2.339994508964767239e-01,-8.007205189557964342e-01,-9.264580433938653936e-01,-7.780150341137872516e-01,-1.000000000000000000e+00
-4.042154559887287113e-02,-1.303762045165813843e+00,-5.406000568990086963e-01,-1.191030528375531583e+00,-7.735818583028433171e-01,-1.025333368553257962e+00,-1.590145782512129680e+00,-1.255005100177738253e+00,-1.530473487123291676e+00,-1.483691139987423080e+00,-1.000000000000000000e+00
5.161499169103751505e-01,7.717646590845855803e-01,6.374628597461815538e-01,7.538648457944930881e-01,7.013051569828510079e-01,7.489426104384376837e-01,5.167672747745878370e-01,7.572039283151386080e-01,8.065385161512699241e-01,8.083810658356791468e-01,1.000000000000000000e+00
-6.105887849526432376e-01,-4.625423026821409711e-01,-5.757150969921625006e-01,-4.919338755738125180e-01,-3.778379076959725857e-01,-4.103601278313164791e-01,-4.041145637842769589e-01,-1.344675486934905073e-01,-1.594621961998432536e-01,-2.114045681065573334e-01,-1.000000000000000000e+00
1.072092046666589971e+00,9.050321384389043988e-01,1.049163501149724231e+00,9.211531185847744441e-01,1.225300775088613126e+00,1.125662838398864496e+00,-1.150121047800534146e-01,1.196453312167363281e+00,1.087991578036854090e+00,1.088712877941285129e+00,1.000000000000000000e+00
-2.319387633752249211e+00,-2.025132951045642837e+00,-2.295327290443598844e+00,-2.069891775847521043e+00,-2.392319191319952409e+00,-2.292710926445765462e+00,-3.850978292238980139e-01,-2.143385121992954723e+00,-2.024421608612986034e+00,-2.074336842745790221e+00,-1.000000000000000000e+00
-1.408150619553600658e+00,-2.754832925641707564e-01,-1.017623598624488590e+00,-3.784340956671707334e-01,-1.081459990280996708e+00,-7.684336102798522417e-01,1.289221592067966160e+00,-6.931317598251339751e-01,-3.511925649864067744e-01,-3.866180363100290007e-01,-1.000000000000000000e+00
-1.736862832933134537e-01,-1.609078764412779847e-02,-1.185799590052117047e-01,-2.837320952781196420e-02,-1.607917476158056136e-01,-1.055972692286092501e-01,2.511467130308704943e-01,-1.329758275565927350e-01,-7.407124994616974545e-02,-7.265678596708545489e-02,-1.000000000000000000e+00
5.704909986551989221e-01,5.569052324033372248e-01,5.861680564424924800e-01,5.891604703946693444e-01,1.265330657722525953e-01,2.847844718715491497e-01,1.085556682648027849e+00,-2.661797791162212601e-01,-1.141416516882213655e-01,-1.921531833086376900e-02,-1.000000000000000000e+00
-6.785970806145871226e-01,-5.049265547373584795e-01,-6.370859221630280622e-01,-5.243574355690888700e-01,-6.774916415125216140e-01,-6.211597891806743821e-01,4.862807019068866865e-02,-5.911752255010480628e-01,-5.276651670534190375e-01,-5.407520109257787366e-01,-1.000000000000000000e+00
8.597939509987703177e-01,1.163278783115727411e+00,1.014499875474969226e+00,1.129628694777274456e+00,1.374080390327143020e+00,1.333652567822214197e+00,1.966372120398061640e-01,1.617718099536436416e+00,1.579229268353904425e+00,1.539583278558232404e+00,1.000000000000000000e+00
3.474318808926701307e-01,7.465325303043625071e-01,5.182379258370795050e-01,7.216471193399094375e-01,4.631387349316221091e-01,5.888344780635570430e-01,8.901755209404366154e-01,4.878094497518439820e-01,6.182284385188737685e-01,6.348871033119720675e-01,1.000000000000000000e+00
6.000319450194252502e-01,5.082088449895926230e-01,5.874723871128049169e-01,5.234972516945342047e-01,5.667384861429619614e-01,5.526982648091987027e-01,1.597860025841283949e-01,4.655525455956276981e-01,4.459841797156157694e-01,4.668640818126905678e-01,1.000000000000000000e+00
-8.379135438233548117e-01,-1.254302913240387118e+00,-1.037998130284771170e+00,-1.182497186319485971e+00,-1.936521322696394654e+00,-1.739192048027150994e+00,6.344273760282016505e-01,-2.596990929401799431e+00,-2.406571841002121737e+00,-2.273070702302693480e+00,-1.000000000000000000e+00
9.301581032810104510e-01,6.073603546177420709e-01,8.390574282372726955e-01,6.540534123187827786e-01,6.463934915135833847e-01,6.327244202540471818e-01,2.593432416699011367e-01,3.290198179951374646e-01,3.026961442200539198e-01,3.637553432750161853e-01,1.000000000000000000e+00
-1.790262527426069283e+00,-2.116989684689506213e+00,-1.990812236225316889e+00,-2.092991975082275413e+00,-2.334148753386303454e+00,-2.309993917557894516e+00,-6.777102001607278048e-01,-2.474068610746988472e+00,-2.446346942392831458e+00,-2.435311299116538208e+00,-1.000000000000000000e+00
4.935897833418662062e-01,6.657995910900803560e-01,5.807611469139147831e-01,6.606376149542683152e-01,5.262541659298215491e-01,5.928021929494982079e-01,5.940837087121524362e-01,4.787089458881326198e-01,5.449782717593439907e-01,5.670341233493070288e-01,1.000000000000000000e+00
-1.500312172012859425e-03,-9.183446997284913649e-02,-3.814478807337862848e-02,-6.833977326433776645e-02,-3.422653895427655857e-01,-2.607948542476631881e-01,4.205552720975179737e-01,-5.827404838748929672e-01,-5.044678770526286327e-01,-4.517260554248134219e-01,-1.000000000000000000e+00
-5.668517963098779200e-01,-2.324325637515725351e-01,-4.565341672052233291e-01,-2.807336447341819419e-01,-1.737484436291706347e-01,-1.864337781647317505e-01,-2.465400588578808283e-01,1.728668107591978254e-01,1.712333042163215746e-01,1.047660415145343776e-01,-1.000000000000000000e+00
1.162986602341868236e+00,9.742269244662893346e-01,1.133801053232006417e+00,1.014480917376050284e+00,9.116060306683703152e-01,9.445338956136849484e-01,6.304585935702318178e-01,5.823941793225912988e-01,6.034674812069122929e-01,6.752559173248169344e-01,1.000000000000000000e+00
-2.054770095301614585e-01,9.637942506145638077e-01,2.472766454373148681e-01,8.664349395414410182e-01,2.810529741978406437e-01,5.757982641200118934e-01,1.701259863799698291e+00,6.219350236720939673e-01,9.392109870850001707e-01,9.203591847544633220e-01,1.000000000000000000e+00
-5.995303989910618636e-01,-4.633455395275624111e-01,-5.695896046241656352e-01,-4.801921898705854841e-01,-5.856222792255036946e-01,-5.471939543871988665e-01,-2.091689825727537436e-02,-4.996301457383572897e-01,-4.550686063884284427e-01,-4.698992366530168052e-01,-1.000000000000000000e+00
-1.339336727238772951e-01,8.088431831548731354e-01,2.348688372943325275e-01,6.895157286306816680e-01,1.030068019167836635e+00,1.002149284118993844e+00,-3.979868526495861786e-02,1.851661998815048227e+00,1.845699934535050213e+00,1.699523902866308722e+00,-1.000000000000000000e+00
-8.135523336682194406e-01,-8.644431159244613250e-01,-8.649604032532557385e-01,-8.823438806814464241e-01,-6.289289977590113434e-01,-7.279499695105975388e-01,-8.809302859620257165e-01,-3.870645331444383941e-01,-4.806698445330115921e-01,-5.435824432984983634e-01,1.000000000000000000e+00
5.593140954591182545e-01,1.398029691420981546e+00,9.123405719955809401e-01,1.330257118818589879e+00,1.048684988939416085e+00,1.224760566215000956e+00,1.326644290208507604e+00,1.299114344273382793e+00,1.487497882700878682e+00,1.474446791639565379e+00,1.000000000000000000e+00
5.096963632420927759e-01,1.630583538005386135e+00,9.702546738369552948e-01,1.567802724655414925e+00,5.836221565778321185e-01,1.014602805914869288e+00,2.723160258134870837e+00,5.358771419374624978e-01,9.818439278993680297e-01,1.055438679649471689e+00,-1.000000000000000000e+00
-7.642552693730642055e-01,-4.989360944148416577e-01,-6.917219571707396986e-01,-4.984319305477011852e-01,-1.258257401142103049e+00,-9.961994518165669943e-01,1.132638749947304735e+00,-1.516657106390664422e+00,-1.247965391193633256e+00,-1.173678419327772726e+00,-1.000000000000000000e+00
8.794348985211990488e-01,3.654747360501953701e-01,7.120514321745615716e-01,4.095285218879374800e-01,8.418743727969740798e-01,6.661113605535092796e-01,-6.652226190968216768e-01,7.125947674730296333e-01,5.227268553519405225e-01,5.281950736374173561e-01,1.000000000000000000e+00
1.090682777044452295e-01,6.949351652787399969e-03,7.295810526782176009e-02,1.924088219437083275e-02,1.878769700080609381e-02,1.121360867239527305e-02,-1.294787708418704275e-02,-5.726425813019767053e-02,-6.764410350338062594e-02,-5.465999485605314845e-02,-1.000000000000000000e+00
8.174233211588641801e-01,4.363219883372589092e-02,5.444152602464226165e-01,1.206985935232866985e-01,4.316570369004437691e-01,2.712102533034737584e-01,-6.547910530706197996e-01,6.958059483306829052e-02,-1.105231614447549360e-01,-6.350748157144187056e-02,-1.000000000000000000e+00
-2.242822303918759363e+00,-2.100729428000235988e+00,-2.274780239429811335e+00,-2.147643025517563142e+00,-2.089155304425297732e+00,-2.126969839684360153e+00,-1.117123124469968642e+00,-1.684243275137184748e+00,-1.704456287673937309e+00,-1.799808547400990388e+00,1.000000000000000000e+00
2.959425404882597838e-02,1.502663004533802936e-02,2.470413057061105269e-02,2.177524839684221586e-02,-7.316564496393251904e-02,-4.298735784126504755e-02,1.717368344318158102e-01,-1.500598769413785394e-01,-1.208382186906592493e-01,-1.031166529230140017e-01,-1.000000000000000000e+00
-8.477153866834065132e-01,-2.199750856001756738e-01,-6.338474543842305131e-01,-2.792771187429489155e-01,-6.417048079479766853e-01,-4.780724332139826283e-01,6.334678724536296768e-01,-3.996900743173081305e-01,-2.194684296571695892e-01,-2.457053756547723788e-01,1.000000000000000000e+00
-1.966009260433715822e+00,-1.806679007398733994e+00,-1.980225622989464807e+00,-1.852127230843091610e+00,-1.788556233769488690e+00,-1.822578989269461047e+00,-9.778163390772967034e-01,-1.404104140769373288e+00,-1.421920867318101855e+00,-1.510693810977233653e+00,1.000000000000000000e+00
-3.980917494823894565e-01,-7.948761373302055677e-01,-5.700356024362239760e-01,-7.699239271507967164e-01,-5.304184336746323725e-01,-6.503954557502023004e-01,-8.803019793255045800e-01,-5.602614234939637949e-01,-6.846824187200725165e-01,-7.001110452078252999e-01,1.000000000000000000e+00
1.491263204867591785e+00,9.199789910709395002e-01,1.323044476800954383e+00,1.015247032185066400e+00,7.135586951431134306e-01,7.815191942456796159e-01,8.885064204374192309e-01,-2.414906065760506759e-02,2.099292563458949115e-02,1.708355524761154265e-01,-1.000000000000000000e+00
1.551125837973187149e+00,1.435211086227409005e+00,1.564089030993767171e+00,1.505130656531906919e+00,7.632423734270852300e-01,1.017437934970124802e+00,1.992961395061307650e+00,-2.926572595962666484e-03,2.352845384329827483e-01,4.168049379889393058e-01,-1.000000000000000000e+00
-5.185337975778790964e-01,7.535527401429455846e-03,-3.325805799418213859e-01,-2.591072881552186277e-02,-6.012717540846346242e-01,-3.725134140293909213e-01,1.102822859137630118e+00,-6.063969766046800602e-01,-3.663022203425748691e-01,-3.379304769555724897e-01,-1.000000000000000000e+00
-7.414416561885434076e-01,-8.198190146220150076e-01,-8.015424484659671167e-01,-8.230125716302049144e-01,-7.835065859534861010e-01,-8.139735957423859247e-01,-4.877747713375027994e-01,-7.123165155625651446e-01,-7.394481462809845418e-01,-7.627458983395327685e-01,1.000000000000000000e+00
-8.307982573812427995e-01,-4.208938255329417455e-01,-7.015048481468324493e-01,-4.724853548323323382e-01,-5.257896582942870323e-01,-4.828683188927774816e-01,-4.544652993337428004e-02,-2.090346139157036320e-01,-1.526010527050942478e-01,-2.085224314996570738e-01,1.000000000000000000e+00
1.729481398586510954e-01,7.337520604153068005e-02,1.401424996018643676e-01,8.983855787227965073e-02,1.801823630545712138e-02,3.493817352628951489e-02,1.456656257766413831e-01,-1.127901763310985850e-01,-9.938409225476443898e-02,-7.296535782583539465e-02,-1.000000000000000000e+00
9.014713263314672043e-01,7.826620426398452901e-01,8.891272497133911878e-01,8.209076498494446428e-01,5.447015980273417490e-01,6.370383144892232119e-01,8.519943032627508295e-01,1.731179537042297212e-01,2.558667707625678633e-01,3.409066074458232953e-01,1.000000000000000000e+00
1.060944579501571061e+00,1.271538191123256167e+00,1.186292509642186133e+00,1.259071661331621073e+00,1.331822455215032397e+00,1.342016617814181911e+00,5.361053557867613284e-01,1.377523401190543728e+00,1.385608511291893219e+00,1.388910479932467634e+00,1.000000000000000000e+00
-1.217061835164531702e+00,-7.808028878548365359e-01,-1.093834795204566168e+00,-8.191012340219927523e-01,-1.287433120603808101e+00,-1.111680804770883491e+00,5.100821049937955820e-01,-1.187901511138579336e+00,-9.976563195297719622e-01,-1.001110016002304093e+00,1.000000000000000000e+00
3.367686334083485056e-01,1.320093771559196216e-01,2.692408774420526063e-01,1.544576800714453080e-01,2.267540089645866119e-01,1.892614993413440083e-01,-9.618480871124339415e-02,1.092008458868397869e-01,6.568493168479144773e-02,8.365978954177881455e-02,1.000000000000000000e+00
-1.270571780807931705e-01,-2.991909401321101170e-01,-2.000917893877353082e-01,-2.838227335543965779e-01,-2.578886453603991824e-01,-2.837693073591260884e-01,-2.223854012792423895e-01,-3.293498069344959478e-01,-3.578343852164813099e-01,-3.503789832870738419e-01,-1.000000000000000000e+00
8.058136558525049731e-01,1.434939766002891748e+00,1.085354943525756566e+00,1.397052489902787853e+00,1.028497592722313447e+00,1.217519214347007050e+00,1.462412007041706596e+00,1.061702071857406837e+00,1.256704854565565466e+00,1.285017856421575955e+00,1.000000000000000000e+00
-4.775813251190357267e-01,-7.498123159811763694e-01,-6.040475119762777068e-01,-7.280297505479307318e-01,-7.073702843965186116e-01,-7.455276792344296410e-01,-4.526807939149917748e-01,-7.998014279842357022e-01,-8.404024927179969406e-01,-8.342858066029037456e-01,-1.000000000000000000e+00
2.987168187519779750e-01,4.752741252252438153e-01,3.788402070460381021e-01,4.851416049153692844e-01,-3.866863166485316316e-03,1.764342412335090371e-01,1.123533805413805542e+00,-2.648869248870399096e-01,-8.526804272984200850e-02,-1.232490432436499084e-02,-1.000000000000000000e+00
-4.912909868051402174e-01,7.757079480473642041e-01,-1.200836816240248225e-02,6.787797637037011889e-01,-1.924034775691136068e-01,2.007481233610147187e-01,2.126737543950091958e+00,4.981801685651251338e-02,4.679422736508804248e-01,4.772764008684623471e-01,-1.000000000000000000e+00
-1.165173263663859871e+00,-5.636780396685382444e-01,-9.732362914292718159e-01,-6.401121409961472164e-01,-6.903145934434302688e-01,-6.357451898531525369e-01,-8.923679158393793553e-02,-2.132234776930811704e-01,-1.390344984240803328e-01,-2.238940546754740468e-01,-1.000000000000000000e+00
9.731713933854286847e-01,2.459039113929686327e-01,7.255438141927358364e-01,3.062227046178649936e-01,8.890833649665290661e-01,6.460268527764918556e-01,-1.024578094865644662e+00,7.202603734891710463e-01,4.588428417042815233e-01,4.624727549981783592e-01,-1.000000000000000000e+00
1.109366907751556885e+00,9.368954797315541816e-01,1.085249393024074083e+00,9.625895488480091799e-01,1.098885713221800176e+00,1.054234104006547490e+00,1.946515894160342763e-01,9.483514955850693706e-01,8.937004520812391606e-01,9.233977028081944427e-01,1.000000000000000000e+00
3.241116426972042719e-01,-1.072831470401145598e-01,1.668695668523261788e-01,-6.843611800074453355e-02,1.527434187198973281e-01,4.578696844658294157e-02,-5.140894923507448588e-01,-3.530689425340713004e-04,-1.171891990648247367e-01,-1.030187420563394574e-01,1.000000000000000000e+00
-6.375695310326268128e-01,-3.400508509221162323e-01,-5.458207611980457896e-01,-3.658284888002088509e-01,-6.432034488854077026e-01,-5.343933982422804929e-01,3.691772120342315389e-01,-5.707654225677164517e-01,-4.530994313637297100e-01,-4.560333387180236508e-01,-1.000000000000000000e+00
6.906824154363891966e-01,4.031066403260358255e-01,6.031480619622495709e-01,4.584081849992207025e-01,1.466133680129243499e-01,2.323387666357447923e-01,6.985176685786055328e-01,-3.256706807155945738e-01,-2.518330326190454382e-01,-1.523700300243593653e-01,-1.000000000000000000e+00
-1.624334660067428548e-01,-5.253836600397803203e-01,-3.114546009400431803e-01,-5.051482069486473714e-01,-1.839639185030978730e-01,-3.243000604833047862e-01,-8.848785404365985263e-01,-1.671333818232066948e-01,-3.123265742163185976e-01,-3.364785366059563354e-01,1.000000000000000000e+00
-5.119537841007600898e-01,-4.727866485544320874e-01,-5.172690446441924328e-01,-4.729209841939136516e-01,-6.820556633883676501e-01,-6.172380480046172346e-01,1.402498824521604126e-01,-7.363148590773265223e-01,-6.684343456735911682e-01,-6.546723172945948521e-01,-1.000000000000000000e+00
1.063817882484906274e+00,6.513818393697385911e-01,9.417223154518503669e-01,7.224181761953633041e-01,4.568815860209557989e-01,5.213929833587811480e-01,7.189735334033129366e-01,-1.064642692800491786e-01,-5.857916322386954450e-02,5.693864371466150071e-02,-1.000000000000000000e+00
9.355901616932277287e-01,7.745622112526466818e-01,9.083840232279263294e-01,8.095132588302951238e-01,6.953949081892603079e-01,7.313190490290520929e-01,5.561872935556489983e-01,4.037123849401096365e-01,4.297566739836373162e-01,4.934448943362443885e-01,1.000000000000000000e+00
-1.296883069237828867e-01,-5.211620333950933714e-01,-2.887119896519245166e-01,-4.973614745968162887e-01,-1.783248175075404507e-01,-3.200827853390421085e-01,-8.838180215400530670e-01,-1.843900323639365568e-01,-3.318133084442536629e-01,-3.519362115015174375e-01,1.000000000000000000e+00
-1.370187449095664256e+00,-1.214257867837158278e+00,-1.363701361588160799e+00,-1.228167350799418855e+00,-1.628046942057696844e+00,-1.502269275234010326e+00,1.284534823397667225e-01,-1.633811067464919331e+00,-1.497997341669998317e+00,-1.491822354758582492e+00,-1.000000000000000000e+00
1.313772775820279071e+00,9.396513010779578012e-01,1.218002777822371208e+00,9.880761246789421248e-01,1.151062180766917020e+00,1.082269152296718273e+00,1.152118475177505569e-01,8.704093873355102096e-01,7.862824461608337590e-01,8.367813985829910539e-01,1.000000000000000000e+00
3.108406775424474855e-01,3.120473558667231639e-01,3.222394906033444473e-01,3.377713935097582110e-01,-9.293282067092123455e-02,5.255607155029402844e-02,9.109510380312730859e-01,-4.227322411127777402e-01,-2.813294280266672165e-01,-2.013761223344038287e-01,-1.000000000000000000e+00
-3.780527468636842980e-03,-5.526276990174231601e-02,-2.314830281240181850e-02,-6.882831608794554024e-02,3.054767586852193406e-01,1.782139927673324353e-01,-6.934284280536869849e-01,5.282734710056655736e-01,4.018141239365128348e-01,3.456050260523733653e-01,1.000000000000000000e+00
-2.849298964860931260e-01,-7.574829200750010649e-02,-2.140584882112150644e-01,-9.060225859933973558e-02,-3.086906590057061917e-01,-2.223375747442170314e-01,3.808148415997700820e-01,-2.936950824730576448e-01,-2.022766178784003166e-01,-1.952887788174177686e-01,-1.000000000000000000e+00
