-7.825103095874580417e-01,6.782261177160744392e-01,2.915548621964435538e-01,9.273576840042742353e-02,7.464157289563763675e-02,9.313570968879346379e-02,-2.723135310177517976e-01,1.950465927907931163e-01,-8.637040162358201600e-01,8.437303359332301023e-01,-1.000000000000000000e+00
4.673762074775409531e-03,1.192049903247397735e-01,-6.222356101083910129e-01,8.848447807151225142e-01,-9.403771564155487539e-01,-8.424091737563186300e-01,-6.578656934152267433e-02,5.897375435681168065e-01,-7.811434514872540591e-01,-6.969851938527608093e-01,-1.000000000000000000e+00
-7.241668692930848250e-01,1.088367862933343339e-01,2.904690650051292011e-01,1.438307411024591365e-01,6.251921326355184272e-01,-6.223931316635458177e-01,4.978294806348678714e-01,2.954312594730452157e-01,-1.070856158728758778e-01,4.641612691882820996e-01,1.000000000000000000e+00
9.880916903355924097e-02,-2.269295545345399456e-01,4.084987707040573790e-01,-7.485614709228837205e-01,9.381051795923293080e-01,2.063322555161493845e-03,-9.579099259234502561e-01,-7.483944237270873101e-01,-3.818512471310593903e-01,9.118798139284236548e-01,-1.000000000000000000e+00
2.286023736724186461e-01,-9.694649821102052645e-01,7.091118695736525757e-01,5.761308491379791841e-01,8.921442281515022943e-01,3.963515068038588884e-01,3.478095747547794714e-01,-5.026236881879696528e-01,7.501777572107098946e-01,-7.038986987594325617e-01,1.000000000000000000e+00
1.672327197588818204e-01,-9.822948824365459464e-01,5.358562828912027953e-01,8.709020345565664512e-01,-2.050964323390064015e-01,7.366511964770414665e-03,7.806338929554156314e-01,5.758653435034706281e-01,6.584455727722758889e-01,-5.919557815741404161e-01,1.000000000000000000e+00
8.404861316808178717e-01,-4.416528758426384593e-01,3.509650422343854603e-01,3.414479954354995850e-01,8.651731736469687739e-01,5.357849601962130226e-01,6.835751784105186246e-01,-4.904656011942036542e-02,4.279734993564649620e-02,4.383248321031780748e-01,-1.000000000000000000e+00
-8.437549395639294403e-01,-9.107919183604132884e-01,-7.219242900479877489e-02,-4.934597643715976645e-01,9.844280573274295509e-01,-3.792397485673131841e-01,-9.796521921909607800e-01,1.236991868350273693e-01,4.187498793554738641e-01,5.392170914324021513e-01,1.000000000000000000e+00
-2.889369998165315367e-01,-9.989498515400520029e-01,4.329555730923363710e-02,4.218228326401575190e-01,8.121815588160961052e-01,5.777784287394642782e-01,-9.658871174206399290e-01,1.826345328198005769e-01,5.302107382828534776e-01,-8.001236578243560160e-01,1.000000000000000000e+00
9.928798921616398543e-01,-8.844724276635438365e-01,-9.497906543961897041e-01,4.569701827224542656e-01,-4.236874368911130451e-01,-3.896444304059718533e-01,9.699769726545488524e-01,-2.748419847721387255e-01,9.493537602944989162e-01,4.759573632585026859e-01,-1.000000000000000000e+00
9.910205864989385383e-01,-8.378375746062886043e-01,5.212574288387538113e-01,5.465492472382775802e-01,-2.831228232515358711e-01,9.196443835651190168e-01,-7.060226068428033797e-01,-9.463191089650058174e-01,-7.371508443708039149e-01,-9.850210194967108368e-01,-1.000000000000000000e+00
-6.404618546307120353e-01,-8.986972189196958949e-01,9.401491129266238422e-01,4.683658401965244966e-01,9.806883217937686359e-01,2.290924942871822023e-01,8.864529282204498539e-01,1.707855623136592671e-01,9.320591586907843729e-01,8.908702587185413080e-01,1.000000000000000000e+00
-4.150235114793925928e-01,-9.007725828488142295e-01,5.197812842554030421e-01,-4.361247871356003780e-01,7.027217922514172876e-01,9.297849805723532590e-01,-1.550545754676135868e-01,2.106814340019433351e-01,4.352518580439574403e-01,9.457768206342020978e-01,-1.000000000000000000e+00
-8.666534047294426335e-01,-8.020699775761817030e-01,-3.316085915921267446e-01,1.800189204899552975e-01,9.560440342213438747e-01,-8.033100950441250943e-01,-8.181554717103839414e-01,-1.474088203208213932e-01,3.269384636902648023e-01,-5.908526079571115863e-01,1.000000000000000000e+00
-9.751592357444007764e-01,8.697866896162378403e-01,-9.645807728795372515e-01,5.585665458965181074e-01,-5.458988007296923239e-01,-1.640608575891429333e-01,-3.471591105068864147e-01,9.428224734444208277e-01,-5.728854898831442499e-01,3.273165677467833046e-01,1.000000000000000000e+00
-7.308159179909752279e-01,1.927072368541997982e-01,5.935007623117175557e-01,7.113726104532518413e-01,3.352996350167044004e-01,1.180305496424047113e-01,4.498150890526454032e-02,1.118044099385458595e-01,-6.139520247569308919e-01,-2.676717163996295001e-01,-1.000000000000000000e+00
-6.468412632767823744e-01,-4.192925491242813774e-01,9.700354365131259593e-01,6.541898269943197120e-01,8.265692473119315986e-01,5.164751734742525358e-01,-2.881071969646404884e-01,-2.456261389479885704e-02,-4.118621114059350385e-01,6.063856254406795321e-01,-1.000000000000000000e+00
-2.575860875196124833e-01,-9.900987171799180420e-01,-8.350865973020771271e-01,-6.066125177175107908e-01,2.737125855843055011e-01,8.739658339922723451e-01,8.589978280455333459e-02,4.640247686001388594e-01,9.606095866879589273e-01,9.420742481722845785e-01,1.000000000000000000e+00
5.329591458336996324e-01,-9.846334326935487491e-01,-8.484638129342683688e-02,-9.392155399319743192e-03,9.593029617372426099e-01,-7.586202505412364960e-01,5.925447029216047712e-01,2.614922923383272146e-01,8.592753870665145177e-01,-1.400643782067591547e-01,1.000000000000000000e+00
-8.394717785713681213e-01,-5.364667130789112920e-02,-7.047397784487475780e-01,-4.057560666487370349e-01,9.238937988102758903e-01,7.474432115563454104e-01,-6.453999084389865359e-01,-4.084585086771947982e-01,5.832464580916809638e-01,5.779859807670180150e-01,1.000000000000000000e+00
2.714862007373783914e-01,6.171657084078312483e-01,-2.518380168132650088e-01,3.293991547100367789e-01,8.627253771478171629e-01,-8.017763708835377034e-01,-4.327230404895297533e-01,-5.447480313711476896e-01,1.898850267536044967e-01,9.401671970043063986e-01,-1.000000000000000000e+00
-7.067101168251285204e-01,-8.425085035314022752e-01,1.218782557900946889e-01,-4.747563454140746875e-01,7.914447642348213519e-01,1.055542126590014729e-01,-7.994399690346511989e-01,-8.662409719283423737e-01,5.193638079272133723e-01,-7.486394216587780592e-01,1.000000000000000000e+00
4.465376748789658956e-01,8.207316803852173770e-01,3.606858748954552829e-01,-4.174087391303710204e-01,6.745772657508859460e-01,6.145687352843058893e-01,-3.099640789430222268e-02,-1.386648583253810851e-01,-6.140153359113513787e-01,8.801125126218749539e-01,-1.000000000000000000e+00
-3.519659149660408493e-01,-7.686065568026408112e-02,8.841673990137886019e-01,9.871314899394338926e-01,-3.193153392755864184e-01,5.664875938298424840e-01,7.686168242809372497e-01,7.128095319285748799e-01,-6.994211020882705743e-01,-8.177883988000327342e-01,-1.000000000000000000e+00
-1.694788316596900490e-01,-9.467806955058218898e-01,3.106879386210852911e-01,-4.047963591286738994e-01,9.863254539243215824e-01,7.204342515774720956e-01,-9.575632539787474196e-01,-4.275817488569536584e-01,3.702603357373230875e-01,8.754484211230928459e-01,-1.000000000000000000e+00
-9.845500888816842711e-01,6.714064054598155584e-01,3.280900108619635991e-01,-4.644827501076162490e-01,8.673524786015047727e-01,-7.241535643052525728e-01,-1.337525564035575709e-01,4.108357085381302842e-01,2.094379916062213132e-01,9.907114387656210663e-01,-1.000000000000000000e+00
-7.533134146259993225e-01,3.113039268815649598e-03,-8.596377362381313336e-01,4.909460166139540532e-03,8.002880122065710866e-01,-4.656093648839836341e-01,4.472144771308538824e-01,-1.524473154659517216e-01,8.122732530461299616e-01,4.142647867012508867e-01,1.000000000000000000e+00
-8.245250464193450979e-01,-6.417724548084809966e-01,2.394962860387266079e-01,7.153050230269984988e-01,8.844583694075438540e-01,-7.071769795053717278e-01,-3.212338599799022809e-01,-2.046463972532698850e-01,6.369113117515957656e-01,-2.716122978886829076e-01,1.000000000000000000e+00
-8.082493929993019854e-01,-8.740222116825981935e-01,1.362705084008028825e-02,-4.208727387960120581e-02,-1.496838614222434916e-01,8.112610438295581039e-01,-7.328127653344962411e-01,-9.043909157476684446e-02,-3.092048333672612337e-01,-2.245564417849909844e-01,-1.000000000000000000e+00
-9.445471811827832465e-02,-3.553548619808871711e-01,7.019288953151787969e-02,-1.266406437827743703e-01,9.064809427994426905e-01,-5.894572181064330341e-01,5.107949180990450228e-02,-3.152945388679538885e-01,6.461172468678563208e-01,9.590471197315572072e-01,-1.000000000000000000e+00
2.425308560356050636e-01,-9.746491320278438675e-01,5.440339792181901890e-01,8.428494656051342959e-01,-6.222740055521778224e-01,9.059215952452663867e-01,9.791720607043949975e-01,7.030861736931331984e-01,5.824679970232703452e-01,5.924925904715425129e-02,-1.000000000000000000e+00
9.361725638102810776e-02,-9.956662924185797348e-01,-4.848613743771483242e-01,-7.792672212921130104e-01,8.968566250766382142e-01,8.662788528831091295e-01,-9.918465802992360025e-01,-5.714322686078628921e-01,1.482701626893319913e-01,-1.081574384398329841e-01,1.000000000000000000e+00
-4.396442601745375600e-01,-9.961198101073825972e-01,-5.315836906535744699e-01,-2.935011003432199880e-02,6.496273593186061568e-01,7.863558962085370752e-01,-3.665497333680342584e-01,3.611436408434741119e-01,8.229095295910560104e-01,-4.957919847293745241e-01,1.000000000000000000e+00
9.516680934231291911e-01,9.328886796334174836e-01,-8.872687224433397635e-01,7.432515350020770795e-01,-5.431519037166898656e-01,-9.690224874004822464e-01,9.840690886891287903e-01,5.271600660919935066e-01,6.292336821277104697e-01,9.196167235812524599e-01,-1.000000000000000000e+00
-9.989066636459206228e-01,-9.334848809524105562e-01,7.878267003924021017e-01,7.578103944126027836e-01,8.278018813444268931e-01,7.559885019274170670e-01,-8.538844513020328320e-01,9.143873721401042376e-01,-4.994169429847006292e-01,2.467505957127313909e-01,-1.000000000000000000e+00
1.709119799104305837e-01,-9.898515690041962412e-01,-8.906978955194705394e-01,-1.534103442142847329e-01,6.740992925180735451e-01,6.832300338710927123e-01,2.790982853874849345e-01,7.505575976943359429e-01,9.419879774035092579e-01,7.873431422467023211e-01,-1.000000000000000000e+00
3.086360140689205500e-01,-9.378721062305843681e-01,4.997132003114215237e-01,-6.626108552003074914e-01,8.132299479142341969e-01,5.979481140391093019e-01,-1.322722152896182168e-01,-3.694586523529364563e-01,4.834568268172295680e-02,2.652471652041542560e-01,1.000000000000000000e+00
3.472201678616019804e-01,6.548312792430972529e-01,-9.266671912030257641e-01,-8.549723744506292356e-01,-5.600503503734921562e-01,9.868950536554149666e-01,-9.562525143292641694e-01,-2.214727262623643056e-01,-8.932143469410644965e-01,9.539712799348569749e-01,-1.000000000000000000e+00
9.638617835242273557e-01,-1.426686856904522405e-01,-4.613336583688654180e-01,-2.866014035413746650e-02,1.287140672030694273e-02,9.605482757504195668e-01,6.190438355857282859e-01,1.591514143679263471e-01,-9.807486457797139068e-02,7.882481573979210898e-01,-1.000000000000000000e+00
-9.761084405008942921e-01,-4.238838777305197203e-01,-2.706768252380074014e-01,2.539791760678797861e-01,2.896014453038473491e-01,4.840738321547940481e-01,-3.107094357430917331e-01,5.835633036633730564e-01,7.173935727888266500e-01,9.666788052270463005e-01,-1.000000000000000000e+00
-8.860196825143719090e-01,-7.861078341577636408e-01,7.010894940962223432e-01,-4.483677822461770712e-01,9.185849210649515983e-01,9.717774778929459956e-01,-8.498983377377316017e-01,-1.268879493956809601e-01,5.287953058862756434e-02,8.807102881125781213e-01,-1.000000000000000000e+00
-2.438329130895973418e-01,-1.363141251107220231e-01,-4.898458727855584116e-01,5.189599196023088334e-02,5.066191233417098871e-01,-9.209415471139408282e-01,-2.542494911931980628e-01,2.603292008425568960e-01,-3.879641708899266850e-01,-2.172930593767068708e-01,1.000000000000000000e+00
9.488561126352327291e-01,-5.285083015745329904e-01,-5.736704250363453550e-01,-2.147622678114659844e-01,6.074149275311826468e-01,-9.011712232465215466e-01,-1.409891742751017418e-01,-5.169568783805879031e-01,6.010501061679772439e-02,-5.397095658938783069e-01,1.000000000000000000e+00
-7.090919438369454042e-01,7.728100854850654677e-01,1.796394559782545364e-01,8.588898486023909262e-01,7.836674862793554519e-01,-9.159242885450306071e-01,-1.158934542493632452e-01,1.414534522145106388e-01,9.711960968987520815e-02,3.139088580421526831e-01,-1.000000000000000000e+00
9.068594327020181867e-01,-1.461447279728019799e-01,-8.081131672132563226e-01,-4.113098037781809380e-01,6.333055696921537914e-01,6.752988772909825910e-01,-7.122792594650279030e-01,-7.667979410918170924e-01,1.761359536076668175e-01,-7.261354816593172945e-01,1.000000000000000000e+00
-4.404912592958906692e-01,-9.171732862696861943e-01,8.315748646323519733e-01,-8.468377181674509036e-01,9.800247099143254426e-01,8.578788000505368494e-01,-9.771035826075377129e-01,-9.026736264548738120e-01,-3.990957723629353082e-01,-1.819966599018936759e-01,1.000000000000000000e+00
9.718822277061444082e-01,-9.825033647218784916e-01,2.898099630398087156e-01,-6.480643974152915376e-01,5.730878081036735461e-01,8.433402850551875440e-01,-8.322209993434186437e-01,-6.365610243564235882e-01,-3.989961456525469019e-02,4.968164144004437177e-01,-1.000000000000000000e+00
-3.369890607738423305e-01,-9.851004513210703806e-02,2.047636923761488315e-01,7.179509819030361895e-01,6.746387293359871196e-01,-8.939954274355911279e-01,9.652630226336830210e-01,8.782647695166867496e-01,3.049772710097502573e-02,6.885561861477003109e-01,-1.000000000000000000e+00
-7.488338005941613806e-01,7.863213447004568923e-01,4.263262375500728729e-02,5.797976218455390685e-01,-7.258662148713465045e-01,5.645813921550670855e-01,9.946289617367465308e-01,8.949707345754768228e-01,2.470867385246414694e-01,9.679842989240826645e-01,-1.000000000000000000e+00
-8.038572819313618556e-01,-7.641759249246596886e-01,1.924972033930905935e-01,1.942545052482245738e-01,8.908536538304314689e-01,-7.321596169585078417e-01,-8.659889756878182965e-01,5.136677859898931137e-02,4.321936698760179274e-01,4.806447007313798814e-01,1.000000000000000000e+00
9.754399176012551465e-01,4.582502396387351518e-02,-7.729998684754452176e-01,-1.199203087351417008e-01,8.009299982598271361e-01,-5.800811198137844071e-01,-4.394148699851872508e-01,-9.234432968614995074e-01,6.109280800263846567e-01,-1.193024349485551777e-01,1.000000000000000000e+00
1.464158649693035608e-01,-9.771199781539856577e-01,2.472609088340951278e-01,-4.399087664841817569e-01,8.922322243266098685e-01,8.954503109660466587e-02,1.326840696348562110e-01,3.773435489738865417e-02,3.353496004194651825e-02,-6.305122308092496741e-01,1.000000000000000000e+00
6.972208582079031380e-01,-2.273729753527131137e-01,-7.743901034262995475e-01,5.642688824284813887e-01,2.623483138403406856e-01,4.904120395593344894e-01,-4.158069516745188099e-01,-7.749704811269604310e-01,7.274925463389777525e-01,5.148213476996969101e-02,-1.000000000000000000e+00
-9.573313726724848038e-01,-7.549252190442889976e-01,9.828161232245460344e-01,-7.049015245606363722e-01,9.936459809214707173e-01,9.508372669255767962e-01,-7.629388930423260939e-01,-5.256716572695994127e-01,-2.005319470278685012e-01,7.764031093540746387e-01,1.000000000000000000e+00
-6.031231556746610156e-01,6.666936306831947601e-01,6.521140360550545800e-01,3.352350676945196617e-01,8.487823529507685372e-01,-9.617117764156595250e-01,-2.344080478224300212e-01,4.076913338895382100e-01,-8.498871984463672868e-01,4.646952211969828522e-02,-1.000000000000000000e+00
-8.427872714776819540e-01,-6.387949996172544997e-01,-3.477959240376976568e-01,1.282658358302996848e-01,6.060063760726633886e-01,1.497950000983750696e-01,6.641320489562559104e-02,7.958402560604619855e-03,-1.144085418251377800e-01,-6.415566134824057798e-01,1.000000000000000000e+00
8.009264845694428203e-01,9.652552658345400216e-01,-5.433462475263879377e-01,5.759207131344519226e-01,4.200289181127341842e-01,-3.097177060411042127e-01,4.542264166628178224e-01,6.567588002840431260e-02,-2.507378340858934518e-01,8.091768459014181403e-01,-1.000000000000000000e+00
-9.490816648916042819e-01,-9.462474632986284107e-01,5.404569802758207864e-01,8.729292912773171098e-01,3.920628610328182329e-01,4.593827674318058940e-01,7.789990784210852892e-01,9.513842380627850481e-01,6.039191069563510927e-01,6.452656689233642329e-01,-1.000000000000000000e+00
7.410431137006499025e-01,-3.273835403292685853e-01,5.302853317291259527e-01,6.672117131685932900e-01,7.124393732486289377e-01,5.051292347595438548e-01,-3.426941162897351179e-01,-5.944351164294017220e-01,4.914525785884190645e-01,2.060565767564567496e-01,-1.000000000000000000e+00
1.185214349033316718e-02,8.833696972425674199e-01,1.262985997391357917e-01,7.937985507278809694e-01,5.058815441745299069e-01,-6.348280229362694982e-01,-3.381952503104043717e-01,3.275336040127060366e-01,-4.633804631974529631e-01,5.856205138596969340e-01,-1.000000000000000000e+00
-8.892873564434807809e-01,-3.528213862013417912e-01,3.157218464149367243e-01,-8.859152747035711206e-01,9.905372253216970790e-01,5.673875975547765238e-01,-6.692459355748630045e-01,-3.503009027778120621e-01,5.298549055115521142e-03,8.714814400927238802e-01,1.000000000000000000e+00
-3.132034910716317566e-01,-6.252194302728221187e-01,7.908900370244322797e-01,1.505113135389564427e-01,9.170277839210549953e-01,4.447795258899789883e-01,-2.152421603871079725e-01,-3.063977511997174052e-01,-3.301738548563050712e-01,1.270320292347499325e-01,-1.000000000000000000e+00
-2.735439437374912464e-01,-9.211885853931521817e-01,7.154685496570589720e-01,5.182048321010885861e-01,3.055583584308810829e-01,9.175113905061568209e-01,4.712348995604861979e-02,7.799285736122582580e-02,2.349986884505655960e-01,1.828169895905965014e-01,-1.000000000000000000e+00
2.473510104497896323e-01,-9.879467352402145908e-01,-1.544254965561714654e-01,-8.789645107006066604e-02,7.886387012721273182e-01,3.351028470860126229e-01,-9.096085321936379087e-01,2.697744942555818648e-02,5.155791355218160010e-01,1.805918265794478339e-01,1.000000000000000000e+00
5.304736011828704578e-01,1.003751198261023658e-01,4.305157838426497130e-01,7.040985813349917022e-01,4.455938111311485428e-01,-9.110673735547748509e-01,8.939882129494863827e-01,-6.864131345641570903e-01,8.002896561388256336e-01,-1.114163413826365495e-02,1.000000000000000000e+00
2.631039873163407705e-01,-9.975639286080396628e-01,3.217417712171802280e-01,6.454310596061484384e-01,1.830532080792931227e-01,8.884483508055823764e-01,-6.257388608205111113e-01,3.124191986071979676e-01,2.387999113848821575e-01,-8.193083485642922437e-01,-1.000000000000000000e+00
9.780919085972619165e-01,-9.938467859925628201e-01,7.908475322579523459e-01,-9.813501220126763513e-01,8.930795387446430755e-01,9.425585947408413601e-01,3.871772524053370551e-02,-9.587036721924576677e-01,4.717840986763367495e-01,5.506843630730640093e-01,1.000000000000000000e+00
-8.210899638851766325e-01,8.959458946978148264e-01,9.237649484931083066e-01,4.039504485369800890e-01,8.115066461542199683e-01,-6.176432760913554976e-01,3.924261548056179882e-01,-2.492067971932395709e-01,-2.202817394186954436e-01,9.315735868072614334e-01,-1.000000000000000000e+00
-7.556772951215430245e-01,9.348314596793836362e-01,-2.963661627288436962e-01,-5.359406858465769474e-01,7.879453126238081806e-01,-2.020330784402384339e-01,-3.348010221364096650e-01,-4.692931010835735967e-03,-4.126164257546618419e-01,9.640742107029167673e-01,-1.000000000000000000e+00
8.703832886214626363e-01,-2.263322637125052272e-01,-4.664373114820112298e-01,-1.164376983168362821e-02,-1.161073983607970560e-02,-8.517316771483597337e-01,7.417277283894286866e-01,1.466434088554474380e-01,4.478219156159400360e-01,6.529883319846945255e-01,1.000000000000000000e+00
2.256477771169214386e-01,7.800401244717887206e-01,8.361910544446335969e-01,-3.044567581130825928e-01,-5.082639356664956365e-01,9.602472756329374359e-01,9.676989259709624092e-01,3.853312837219634995e-02,-8.915688640889295469e-01,7.985291981805267003e-01,-1.000000000000000000e+00
-8.501410886776722409e-01,-3.939246687356023902e-01,6.288220867309541884e-01,9.837231014744581836e-01,5.487583924451010509e-01,-1.081716450488637155e-01,8.772857084576022313e-01,5.198685618269878184e-01,9.313196534617713684e-01,3.696917196916578718e-01,-1.000000000000000000e+00
-6.622366941443021959e-01,5.987571225700183408e-01,-7.810865244563771626e-01,2.874824434125631753e-02,-5.805141183205607680e-01,1.733801910441607197e-01,1.894706553288749359e-02,1.193286815266774020e-01,2.355818691684949742e-02,4.951715455831578461e-01,1.000000000000000000e+00
8.340404807689418831e-01,-2.184935070444178340e-01,-9.734568457125973850e-01,-3.832221792207542443e-01,-4.732999731190887238e-01,1.105093473597104498e-01,-2.686478735636683157e-01,-2.682192950668155218e-01,7.235060238866567461e-01,8.180732505150224432e-01,-1.000000000000000000e+00
-4.715882268883492823e-01,-7.981333856769612378e-01,6.529921214781848893e-02,5.864747773664531483e-01,7.998482388957990352e-01,5.100395782755533514e-01,-8.791751026335439256e-01,8.423303875378873595e-01,-7.853814959954732444e-01,-4.309157619080690171e-01,-1.000000000000000000e+00
4.465138478775316777e-01,-8.943692010592421138e-01,-5.184343595060357801e-01,-5.879751285510844694e-01,8.297150381719433643e-01,7.522487126008502445e-01,-1.372819248535481727e-02,-5.640866044251985345e-01,6.729485625359767909e-01,5.927684459184225929e-01,-1.000000000000000000e+00
-3.262976161157449696e-03,-9.330662440405704805e-01,6.956342584608424806e-01,-2.512828850391174984e-01,2.951485225780015043e-01,9.652840040391857945e-01,-8.532028164203037113e-01,-2.424556361255187503e-02,-6.858012477620801794e-01,2.508025421083169282e-01,-1.000000000000000000e+00
2.697890500694398175e-01,-8.443046416545614274e-01,1.469605611871346515e-02,7.517871839711627313e-01,6.019068851199562697e-01,4.580692021813319026e-01,7.950980977286512541e-01,5.051616850386108082e-01,6.497111719739470104e-01,1.375195369394207889e-01,-1.000000000000000000e+00
-6.644572117348509499e-01,4.386595192036152335e-01,6.782135460681335548e-01,8.634839102541949085e-01,-3.939280346726418275e-02,8.771208198406196255e-01,6.578127558245608908e-01,4.379753109484774698e-01,-5.168685228475369264e-01,5.728131270739638126e-01,-1.000000000000000000e+00
-9.251484090573052210e-01,2.114914909706505641e-01,5.140306171265152102e-01,7.816364631366043980e-01,-4.463301806634174529e-01,3.012534435481038497e-01,6.327250191153834802e-01,4.062956729308232484e-01,-1.011337858803179335e-01,-4.949765019998136895e-02,-1.000000000000000000e+00
7.556134543613725052e-01,-1.831708924085425905e-01,-5.755021174780791116e-01,-4.776007299543752471e-01,4.932324314342741434e-01,-5.161074943042784913e-01,3.820471423687457624e-01,3.192569602670237705e-01,-3.074860729109790136e-01,7.234899650334346566e-01,1.000000000000000000e+00
-3.701457107397720381e-01,1.748165151372398918e-01,-9.167185977621216120e-01,7.893798379069079385e-02,8.376937841104775684e-02,4.926690414899907999e-01,-3.241649155420524564e-01,2.021821304931397945e-01,-9.692629894283724679e-02,-8.174802715889092908e-02,-1.000000000000000000e+00
-4.525048146156422924e-01,-2.617787721987870908e-01,1.000981465210544069e-01,-3.294256379908686028e-01,7.339809332039362588e-02,-1.664595676405812019e-01,-1.571572668932750549e-01,-5.672453573271393212e-01,-5.289004472895872944e-01,-7.423759141097996395e-01,1.000000000000000000e+00
-6.469450951740878253e-01,-9.711400207008431540e-01,5.477660351385090776e-01,2.740425934874747282e-01,5.102673862907914915e-01,5.854814154415936001e-01,1.546765402468340822e-01,-5.425738195637117567e-01,9.412996444829573317e-01,6.776668687962595916e-01,1.000000000000000000e+00
-8.023968570749247242e-02,-3.426336922199441082e-01,-7.610360282279983180e-01,-4.441992716359193794e-01,-3.081474870501903496e-01,7.422214405337608234e-01,-1.222322714863632448e-01,5.766788682764383278e-01,7.374767790884386720e-01,9.917859874745607041e-01,-1.000000000000000000e+00
-9.097733686698084021e-01,-9.172942157366895666e-01,-7.639815296953812451e-01,-6.676690548698165362e-01,7.940408888402096244e-01,9.184499763785335391e-01,-9.585469188711804867e-01,1.774789149445992475e-01,6.915510996706114577e-01,9.656891903056659121e-01,-1.000000000000000000e+00
9.652133524053195801e-01,-3.692412352214498039e-01,3.052399503595447094e-01,-4.500306114963955051e-01,-2.728288028850120450e-01,8.517862141998834291e-01,-4.401955960587695116e-01,-7.808160213459380827e-01,-3.492739284152086010e-01,4.280706290371971146e-01,-1.000000000000000000e+00
-1.979438217378032272e-01,-9.209232074287775349e-01,9.930496508497576036e-01,4.999880530256519684e-01,8.468263367554359489e-01,1.661616488991928681e-02,5.267352503045514833e-01,3.052988235619094048e-01,-6.078928045202129926e-01,2.779874845581278286e-01,-1.000000000000000000e+00
-7.124229055610827865e-01,9.555538129114884427e-01,8.363488082775292209e-01,9.831718060997854947e-01,8.023291203668113658e-01,-4.186386810143633563e-01,2.018638876236906465e-01,1.498003537300077737e-01,-7.351903315378299775e-01,-8.868374950728089567e-01,1.000000000000000000e+00
9.268231136168271211e-01,9.670272375121489183e-01,3.614813044074836196e-02,8.778901627194887203e-01,-9.317855155058739625e-01,4.683404493355095705e-02,9.811410777892567436e-01,4.267043221436785799e-02,-4.106190711058340104e-01,8.991961167556293821e-01,-1.000000000000000000e+00
4.721148032966386299e-01,-4.719604707971168933e-01,5.820454648333135417e-01,8.145458065507314993e-01,-4.272968789342940776e-01,7.613393194169388867e-01,-1.468497704687932726e-01,3.689090457020458014e-01,-8.041906011692102618e-01,-7.256046445248954813e-01,-1.000000000000000000e+00
-7.344359204679968833e-01,2.583991377264208689e-01,9.147559076150796331e-01,3.486784366995095974e-01,9.684877028338718663e-01,-5.596472667433198822e-01,9.006278173835029488e-01,3.116508356553870929e-01,2.663736912533742340e-01,9.294178005875326498e-01,-1.000000000000000000e+00
5.441140519166082212e-02,-9.418152749442922911e-01,-5.460804938813454967e-01,-5.740105048565948831e-01,6.720277589071791402e-01,7.047823341936289010e-01,-9.302617987023791279e-01,-1.831595117360681202e-01,2.833439443059984630e-01,8.199100043161836604e-01,-1.000000000000000000e+00
-5.673815910217695768e-02,-8.850027109596902974e-01,5.697546005586047180e-01,5.072678988636410979e-01,1.917154766917245623e-01,-4.956615223936753911e-01,8.573915565058823907e-01,1.839424339522409690e-01,5.488700802325102712e-01,1.248289053950629585e-01,-1.000000000000000000e+00
4.636885072750975834e-01,-9.673807255763758883e-01,-4.316392944689796951e-01,9.092848645004674157e-01,-5.894946384564452302e-01,8.653996287366265694e-01,5.655028823740226862e-01,5.562509860742504975e-01,2.104562262434350739e-01,-9.088479653914601775e-01,-1.000000000000000000e+00
6.870543068863960157e-01,-6.863913464847204438e-01,-4.549372755787263189e-01,2.953540531103210701e-02,4.581383465086393825e-01,-3.812570266684945364e-01,-3.352734459393550970e-01,-6.176734531295514641e-01,2.567343695638176215e-01,-3.269970357007871420e-01,1.000000000000000000e+00
3.185964099099571345e-01,-8.448412994931503439e-01,5.136422224988091978e-01,8.717754142121523220e-01,1.250732516793700011e-01,-6.775889425363542662e-01,9.241287512187595921e-01,5.836752856368323528e-01,-5.694419798282692735e-01,-8.533150435651576382e-01,-1.000000000000000000e+00
-4.566386983210248829e-01,-9.291531648248129160e-01,1.697120836016027257e-01,-4.561820561677757957e-01,9.418854378834652374e-01,1.029900560761621287e-01,7.437620957229661434e-01,6.998457833505739023e-01,2.490337592431270675e-01,6.598508890514995784e-01,1.000000000000000000e+00
-8.074497374165429120e-02,-3.247439775092449410e-01,1.878078563115935518e-01,5.295760643808079537e-01,9.127936181347077182e-01,-2.051689462474702297e-01,9.761813868612631007e-01,7.717872537272206790e-01,4.252829911315617606e-01,8.908171939905629166e-01,-1.000000000000000000e+00
-8.896370710824469397e-01,-9.796966865851698403e-01,-7.889795038556840501e-01,-7.859705183215166535e-01,9.859373190380210650e-01,5.841087194451198839e-01,-9.737028964234949457e-01,-5.623716781407630538e-01,7.388054039099624104e-01,-3.597981572592294786e-01,1.000000000000000000e+00
-9.473535748856714012e-01,7.713174824503652438e-01,7.918048757428619577e-01,-2.101916408757341925e-01,9.975000198174429622e-01,-3.113003234219933191e-01,-6.452157113291466795e-01,-8.220303006449068972e-01,8.075912425816922369e-01,9.545736269033476828e-01,1.000000000000000000e+00
-6.226659697443175379e-01,6.648609141012117030e-02,-9.646898463489892439e-01,-4.265299068245297365e-01,5.885216652605549381e-01,6.967916353666894214e-01,-8.582828624369430726e-01,-3.640682648845905423e-02,-1.392776624094037297e-01,1.043738551552266143e-02,1.000000000000000000e+00
6.820192404141411924e-01,-9.963708102765763686e-01,-3.235337584259887489e-01,-5.939984222458735141e-01,6.929238930760571735e-01,8.148142131487959849e-01,-5.804558725087359816e-01,-3.708079417268165257e-01,4.628151334618836876e-01,-4.777455595942389222e-01,1.000000000000000000e+00
-9.458280803023746408e-01,-7.885827976402044470e-01,4.670889756215903521e-01,1.884921765357255308e-01,9.792061493680711548e-01,4.688547331316768596e-01,-7.506054388719320958e-01,2.528021403221361041e-01,-1.041697085545351120e-01,-1.869301974795575250e-01,1.000000000000000000e+00
6.369964659804189244e-01,-5.602231060545395103e-01,-9.594556543629773060e-01,2.690340501363877035e-01,-5.756221646416622706e-01,-5.318092097328321888e-01,-2.093813837203860884e-01,-3.967320787493874290e-01,7.676258886449079943e-01,1.062561614959779410e-01,1.000000000000000000e+00
-2.950433701388582852e-01,-4.751246464934932856e-01,-6.128140164263372602e-01,6.133558597243483623e-01,2.108610281826062416e-01,-2.538611527660631917e-01,7.553339680592382477e-01,5.237826236101310595e-01,5.366375622567494119e-01,6.724380785340053901e-01,-1.000000000000000000e+00
5.231212560077097562e-01,4.959598895971742416e-02,-1.761499972743609810e-01,-7.865700440233254209e-01,9.367939615819858012e-01,-3.215624354658334072e-01,-8.259071239017938826e-01,-6.017983783442723000e-01,-7.067974976901225670e-01,-2.805388712813935426e-01,1.000000000000000000e+00
-6.781816499373221063e-01,-8.618132931314502754e-01,-5.350636855429197203e-01,9.069222040452387112e-01,3.508630551966252509e-01,3.190344733813828271e-02,5.951232214493057393e-01,8.944224492445167485e-01,3.024675986184188758e-02,-4.895919143602078250e-01,-1.000000000000000000e+00
-9.770640696458718910e-01,4.892745485527509597e-02,9.957558815220787229e-01,9.710748822784003309e-01,7.760247653454293015e-01,5.650144080369803312e-01,6.520352449685025142e-01,2.964481947205252835e-02,-2.968343565791345395e-01,-5.054846387525472329e-01,-1.000000000000000000e+00
-5.329957349869226535e-01,-6.225961872913767792e-01,2.408336624423271510e-01,6.443089785861579044e-02,5.468111901939467501e-01,-8.672099641153855343e-01,-6.945993329339350542e-02,-5.379557906181742233e-01,2.588109510426365723e-01,2.870410327117706162e-01,1.000000000000000000e+00
-9.730797119452250232e-01,-9.536120141590103128e-01,7.834779847454641510e-01,-1.391056389827900752e-01,9.657831974192220281e-01,7.164149384640837726e-01,-5.140538966534206056e-01,5.985018967243657118e-01,2.268226801061707376e-01,8.742786371069413143e-01,-1.000000000000000000e+00
6.771565693680042797e-01,6.145912201184178247e-01,-2.989662281906217411e-01,-5.215506268339867857e-01,3.465720864580454363e-01,1.374779451612089809e-01,1.609524253256115062e-02,-5.811267277014562360e-01,3.408751167563136564e-01,9.525209932063718465e-01,-1.000000000000000000e+00
9.635957845827536339e-01,-9.790433622569790773e-01,-5.345989472452701285e-01,4.757269430767366303e-01,6.539467036737679484e-01,-5.491243460140604604e-01,7.818435276433707282e-01,-7.757436346485861722e-02,3.959516403528791084e-01,-9.825178621238788157e-01,1.000000000000000000e+00
8.589800266294868036e-01,-6.455652568942018554e-01,6.333661871148611455e-01,1.140976821181182016e-01,-3.799412864181635485e-01,6.431453923172941733e-01,5.751185919182978390e-01,1.054148490941771293e-01,-5.794114357333385312e-01,4.138446997551925022e-01,-1.000000000000000000e+00
-1.615124079734477636e-01,-9.984693276256678685e-01,-2.738275229980686731e-01,3.394709614750386906e-01,7.162171355797400940e-01,9.253500275331062452e-01,1.360736690711807917e-01,2.891014197072248604e-01,9.140655241804095388e-01,-6.993468393841865138e-01,1.000000000000000000e+00
-3.772370869796921600e-01,-9.667628505845149434e-01,-9.014054052464308686e-01,-9.727837773800325216e-01,9.805721118317171081e-01,8.937327462031086078e-01,-9.395984838887145862e-01,-2.241347874358711745e-01,9.208558839603899759e-01,9.858334916587271346e-01,1.000000000000000000e+00
6.605717295011540036e-02,-7.050411828830847050e-01,9.428633829643681130e-01,9.765922424547325287e-01,1.339910254157610642e-02,-3.717615111888966650e-01,-6.376055643535545603e-02,-2.803632224791268723e-01,-5.904920984586877752e-01,-8.999476803124134561e-01,-1.000000000000000000e+00
-4.729854918759524574e-01,4.046373336783349872e-01,-4.405733648919540335e-01,1.582012308035719572e-01,8.883741645403503417e-01,-7.960567079838422322e-02,4.324412762169120295e-01,3.644869637741476320e-01,1.704021267062227063e-01,9.307718450253804621e-01,-1.000000000000000000e+00
3.681730294136421611e-01,-8.166072230995516934e-01,-6.867795901087559995e-01,-8.978419221205834466e-01,5.901504307605845989e-01,-5.694006516220128100e-01,-9.064817597776823055e-01,-2.734711246576265742e-01,-8.092731591467705599e-01,-3.744516603948159772e-01,1.000000000000000000e+00
-9.652976112577468237e-01,-6.125803314741165018e-01,9.706541017537561045e-01,9.579236829127727448e-01,6.100530931236072263e-01,-2.681165713011793850e-01,5.300896949326955321e-01,-6.944596137516780010e-02,8.851928540402705936e-01,6.391941296791933125e-01,-1.000000000000000000e+00
-7.812047359017609827e-01,-9.741019123775130906e-01,-3.602873083144171318e-01,8.045414911869903651e-01,6.112288611202997268e-01,-6.527639768484068128e-01,-9.510632129718663008e-02,3.846707255993643271e-01,8.467446065539512290e-01,-5.210447304603852414e-01,-1.000000000000000000e+00
2.675153947976996460e-02,-9.376161962838522879e-01,6.762937297593146768e-01,-4.532381690469894364e-01,5.122777093529407022e-01,9.598722434527335867e-01,-3.769630680341726041e-04,3.250552242298846428e-01,-1.416504943451220300e-01,8.197428052910675778e-01,-1.000000000000000000e+00
9.958320487542802191e-01,-8.183818750975319078e-01,-6.208628602428786225e-01,-2.928896697495062540e-01,-7.188665162306774326e-01,4.781421772981435669e-01,-1.781910907817956802e-01,-4.928174210781913755e-01,-2.928598921891460982e-01,-2.668383277575969159e-01,1.000000000000000000e+00
9.294177026624423910e-01,4.407324953465949768e-01,-1.170904098431416740e-01,4.910787272847512153e-01,-2.763958598696295010e-01,9.022602592776458597e-01,4.150293737103490366e-01,-8.897911159131602910e-01,7.509049129391059951e-01,4.706466249157057469e-01,1.000000000000000000e+00
-9.370092537264852472e-01,-4.579709373022268770e-01,9.023946309395632914e-01,5.459595397847158971e-01,8.761526245235060628e-01,4.162617304090213133e-01,-1.597456378428135648e-01,-8.205129870850796925e-02,-5.054603267891777385e-01,-3.510924981840216064e-01,1.000000000000000000e+00
2.887581635710632644e-01,-6.891741858543315447e-01,-1.383646614439758282e-01,2.171660652062583630e-01,5.686541423083100177e-01,7.246007560009730675e-01,-1.981846576986620034e-01,7.464057165244786241e-02,5.388485640536211374e-01,7.571914344940101627e-01,-1.000000000000000000e+00
7.003331060628956717e-01,-8.543207940683333890e-01,-2.265323121370650949e-01,2.710523608266421358e-01,9.729948302440012409e-01,-8.996062560631503668e-01,3.242271750909041933e-02,-3.276274793521921080e-01,8.630115825779184346e-01,-4.672136925461971013e-01,1.000000000000000000e+00
-9.757972136818753306e-01,-5.404683045685682724e-02,8.116151077575969319e-01,6.605215383622415892e-01,9.890241630283064245e-01,-7.139533507126895051e-01,-8.924377602981448110e-01,-7.562033215212041748e-01,8.277294212250843053e-01,5.229904151947476487e-01,1.000000000000000000e+00
6.617535972920949305e-01,-8.839624750374392992e-01,8.434033568556408011e-02,1.285166444622145299e-01,9.857071683480542745e-01,4.391944409691040940e-01,-2.634838072076767235e-01,-5.730280945711914153e-01,8.736396922207454452e-01,2.428352739783901093e-01,1.000000000000000000e+00
9.687193407790334332e-01,-7.722126981844114058e-01,-4.966592664828612946e-01,-8.469218309646937559e-01,9.449671537021424594e-01,-1.583805493471542591e-01,-8.271542716259748795e-01,-7.157483217457560887e-01,-6.678036840720210643e-01,-6.586259275616825892e-01,1.000000000000000000e+00
-3.730289792249337211e-01,5.181434814009943102e-01,4.799296507746960705e-01,-6.113473797880005778e-01,9.001515365113802458e-01,-2.475294596321134244e-02,4.510667465135664855e-02,-4.032739512045503405e-01,3.770167827208479316e-01,9.713578062267677060e-01,1.000000000000000000e+00
-7.636142910721048782e-01,-6.722335339959963907e-01,-1.061031849590297893e-01,-4.103957956995011869e-01,9.735284491600044721e-01,3.988026881189009609e-01,-7.855598809224920709e-01,-1.739049109073206312e-01,3.008131409773541765e-01,2.977820160561742702e-01,1.000000000000000000e+00
-6.195264219187850419e-01,-9.950347358685088794e-01,7.361414206164680341e-01,7.281577046089637850e-01,6.471060772549895868e-01,4.686314141181871507e-01,8.009838138749229008e-01,5.840321612812376939e-01,8.453586490139975984e-01,3.027273146262020043e-01,-1.000000000000000000e+00
6.477979379749757571e-01,-9.823155761377936335e-01,-8.196694326906966976e-02,-8.744073185526057834e-03,7.935738080451634202e-01,8.324808517225601445e-01,4.677880071548068952e-01,-3.061084107383024722e-01,8.018462917990465399e-01,-1.105101068604394665e-01,-1.000000000000000000e+00
-9.751815034427722129e-01,8.375831754295408604e-01,1.565418859191531897e-01,1.018041446058532695e-01,7.987175007030885565e-01,-6.058351998213500345e-01,8.353078265497887456e-01,1.991447897397629896e-01,8.415186674594532512e-01,9.847666493013704780e-01,1.000000000000000000e+00
9.957394696016469426e-01,-9.525864053803945186e-01,-5.475196209673544034e-01,-6.683559143225746846e-01,7.663344202385281578e-01,8.615928335820304262e-01,-7.990031685863347999e-01,-6.573845505523411292e-01,-3.478230512968089744e-02,4.900955649625471922e-01,-1.000000000000000000e+00
-5.755147910019100532e-01,-8.949575367659717839e-01,9.917427551459859214e-02,-1.495487709713367586e-01,8.203191804022134104e-01,8.734883014691741110e-01,-6.042846091788819374e-01,6.552867091420954138e-01,-2.792732187583248371e-01,3.476229981145751435e-01,-1.000000000000000000e+00
-2.396654364138702323e-02,-9.552766711519943277e-01,-9.728907201365230017e-01,-7.342912096976946801e-01,-8.226622136615054925e-01,9.756440092763998262e-01,-7.212636145012902844e-01,7.711666480854493244e-01,2.623581111746237648e-01,9.164442397719479994e-01,-1.000000000000000000e+00
-5.987740576319365848e-01,7.559691950927446280e-01,1.215080209824519614e-01,6.614613425232441779e-01,9.494969901713025129e-01,-9.974611048192221219e-01,-2.372217133928335511e-02,-3.104353980849680061e-01,-4.993343117138428211e-02,-1.744279878768284497e-01,1.000000000000000000e+00
5.956580793276590180e-01,-7.182240843277639675e-01,-3.279337273365231509e-01,-5.491791261265137614e-01,9.068118453630102938e-01,-5.717691198956723619e-01,-9.086841103163226796e-01,-5.797655603095528409e-01,-2.556812054257056044e-01,-5.754602237313013319e-02,1.000000000000000000e+00
9.135365437306693925e-01,-9.587826642536659838e-01,-7.464698794673497728e-01,-7.993836901026487585e-01,8.314494973631696428e-01,6.438044372185429687e-01,-5.454694503703649833e-01,-6.315689309774483728e-01,5.175353095429535699e-01,4.386987302421882506e-01,-1.000000000000000000e+00
-5.363933815641698244e-01,-1.177958068685610177e-01,3.815760749645418226e-01,1.835360448974854009e-01,9.247385134526471262e-01,5.138512749982035999e-01,-7.067265002071044799e-01,1.893257184097814350e-01,-8.529729742777514626e-03,8.646843633768176440e-01,1.000000000000000000e+00
5.239895030545641541e-01,-8.926292627040348648e-01,6.802530020307433201e-02,-5.095946133887270246e-01,9.545577929298978415e-01,-8.870524398252792320e-02,-9.093702359905934118e-01,-9.115777632487257476e-01,-1.054282434569821653e-01,-7.418631673342088728e-01,1.000000000000000000e+00
-8.312662395252253811e-01,-1.050985063893941814e-02,9.663487534819399372e-01,7.150617931532232685e-01,9.595310138253294596e-01,-7.465775887498191654e-01,4.679439165136238810e-01,6.025905807262857961e-01,-7.010899654752754673e-01,-1.250552915366833495e-01,-1.000000000000000000e+00
-1.776810795719168052e-03,3.043294093006326112e-02,9.573385366051477829e-01,-4.543917361605145366e-01,9.910686108918955739e-01,-5.127755798475324145e-01,8.845204630674091684e-02,-8.262497017208907391e-01,2.339438422202316514e-01,7.810799230958476169e-01,1.000000000000000000e+00
1.455799750716287588e-01,6.061848876721561696e-01,6.786435421488332675e-01,9.349097129097766468e-01,-5.140492613131057986e-01,6.985477836158002773e-01,6.001317788402478204e-01,3.695808600424984602e-01,-8.158808676106670266e-01,-1.348592664922827478e-01,-1.000000000000000000e+00
8.256915675840310609e-01,-7.306306600401488716e-01,-7.629872140773701350e-01,-3.861008503108328549e-01,4.742923346600024237e-01,3.915868232925520109e-01,-3.005196918906941073e-01,-3.648912514406071894e-01,7.343449066129410785e-02,3.855345570009586775e-01,-1.000000000000000000e+00
-2.404357257837874684e-01,-5.588679417730272325e-01,2.207491461531790600e-01,-9.927009204412255705e-02,9.953973426127561419e-01,-3.127956176560302559e-01,-9.594587916158962004e-01,-5.016669759515306470e-01,5.274608482892270689e-02,4.013751806179560906e-03,1.000000000000000000e+00
-8.208488152616294498e-01,-6.167230181191148963e-01,9.358494231601038882e-01,-2.747836647443769320e-01,9.972844715654798353e-01,3.655049563880622965e-01,-9.679208872465663305e-01,-8.040311445936649815e-01,-5.442924697986515348e-01,2.166495210176818120e-01,1.000000000000000000e+00
-9.685668552405451992e-01,-3.487642558290254824e-02,-8.530554597932074046e-01,-3.418422736517106042e-01,9.584440333426728076e-01,-3.007990999218778660e-01,-8.111067871169900245e-01,1.041256375038015908e-01,8.425143071831683317e-01,9.207372754689359118e-01,1.000000000000000000e+00
-9.641935027324318730e-01,-8.376888717798645079e-01,7.187417133151733362e-01,1.260761520844274133e-02,9.202906428539836536e-01,-3.103581601751746466e-01,-1.753994887238586875e-01,2.005561374052120260e-01,-7.322317455223054106e-02,2.305654850101775677e-01,1.000000000000000000e+00
-9.892692294723061108e-01,-8.461352681790935693e-01,7.769191128474144392e-01,4.930834003701489721e-01,9.739829765508315473e-01,-5.575408736271105781e-01,-6.907698898929408582e-01,2.249185131514502278e-01,-2.497801474984581716e-01,-8.171445855012395842e-01,1.000000000000000000e+00
9.720994551196904254e-01,-5.591326395739055766e-01,-5.878722552756856373e-02,2.607256298026078833e-01,1.889169888231826411e-01,-6.542108329325690974e-01,9.738839706579474065e-01,1.776554270600224916e-01,5.877639648754817703e-01,6.484577423969651866e-01,-1.000000000000000000e+00
5.000294790195493055e-01,-9.574554199749957251e-01,2.455843126847849778e-01,2.921867099435985771e-01,5.049530704058577957e-01,6.789617489055609356e-01,-3.347935298104314783e-01,-3.497812682367475445e-01,2.218535564495653645e-01,-6.833597402635331886e-01,-1.000000000000000000e+00
-4.435473322031810994e-01,-8.209398229203853647e-01,-1.934994963768901233e-01,7.585322322765999381e-01,9.069041591707772687e-01,-1.136663124536545777e-01,-8.003912755669020385e-01,-6.703795500018541187e-01,6.578916389334642512e-01,-7.777372013504596504e-01,-1.000000000000000000e+00
4.519025267064351037e-01,-9.605280664705717619e-01,9.293180235840606818e-01,3.019052064115679834e-01,4.570539109630166741e-01,7.768466033993443043e-01,-2.156642321722744837e-01,5.262510157261446331e-01,3.194449150317969777e-02,9.318845940118918314e-01,-1.000000000000000000e+00
-4.316275108634344271e-01,-6.264117984364452330e-01,-3.744919588633559560e-01,6.173732703187203574e-01,6.484598017311790086e-01,1.706588221809770545e-01,-9.228173853635406321e-01,-4.490642329559197399e-01,5.535366942982538063e-01,-5.567600519490316646e-01,1.000000000000000000e+00
7.756188319407522069e-01,-9.275787279910369110e-01,-7.827067537487707449e-01,-9.908532385282591004e-02,5.769242996248893363e-01,-3.313295390651836425e-01,-7.883366352714364922e-01,-3.450728641290587984e-01,4.810823745447211919e-01,2.385787585874256933e-01,1.000000000000000000e+00
7.539588910113466103e-01,7.393816583741648074e-01,-6.323685329628780938e-01,1.906119691799795790e-01,-5.761175465566422682e-01,-4.518037525507561658e-01,7.371029473738094362e-01,-2.076653338566581963e-01,6.651473748465938640e-02,4.385206953615362058e-01,1.000000000000000000e+00
7.386592542204544198e-01,7.108891565596399120e-01,1.773147046182852737e-01,-7.552288987320452396e-01,7.836022534307194309e-01,-1.637039534931445106e-01,-5.642468371643527547e-02,-9.235061702470122036e-01,-5.020688004505977631e-01,-3.804464497890160807e-02,1.000000000000000000e+00
-3.891068178102790598e-01,-9.296831752535311688e-01,9.326966669762553064e-01,6.625205664516051751e-01,5.735838372553258013e-01,6.825280567005906907e-01,-7.379944748371884689e-02,-5.832210578963329534e-02,8.936938097646589252e-02,-4.428690535925863814e-01,1.000000000000000000e+00
-8.984341304660133920e-01,1.635713214414338534e-01,1.868342335036263513e-01,-7.999091200202073093e-01,9.861352142521901953e-01,1.148796835438768427e-01,-9.964747761171015572e-01,-9.304375992240966342e-01,-8.634010625815442125e-03,3.791340600813808970e-01,1.000000000000000000e+00
-7.775599876753164219e-01,-7.695677801272516882e-01,-6.659378176710641917e-01,9.597409117632699216e-01,1.181903211674043969e-01,2.532245996385882325e-01,-3.993901595494107615e-01,5.919407373664256067e-01,5.487824144366021395e-01,-7.824710938115854164e-01,-1.000000000000000000e+00
6.576649158464580314e-01,-9.363022801644486082e-01,6.988555807354720484e-01,-7.763939720222227947e-02,9.799339033666922827e-01,4.156697769182421398e-02,-9.168808530353078634e-01,-2.322437009590822277e-01,-6.502248623893447377e-01,-5.792871604912779304e-01,1.000000000000000000e+00
-6.842549556031675140e-01,-9.371222646409795853e-01,2.996710147688093698e-02,8.568438426803166863e-02,9.667543781225304000e-01,-6.075462553149219014e-01,-2.658342894460681283e-01,4.106422180646895903e-02,6.219588105213610385e-01,-3.622475878900371371e-01,1.000000000000000000e+00
-2.099417409118959355e-01,8.860260067198179046e-01,4.220107501124716227e-03,9.375993587700003074e-02,8.503160484109051342e-01,-6.292117782198753950e-01,7.791005603651931510e-01,-4.583984722965673830e-01,6.759498300966124140e-02,4.009879590195957189e-01,1.000000000000000000e+00
5.945429479838640896e-01,-4.521585576776652182e-01,3.194549205757755139e-01,9.585156745032107350e-01,5.058000513933464531e-02,-8.783500160732620188e-01,8.517057984462914622e-01,-5.016554480255964732e-01,7.949297058878813660e-01,-8.485649460924143961e-01,1.000000000000000000e+00
5.218196814124625993e-01,-1.431838505454861021e-01,-9.446780002060498616e-01,-3.832605296441216614e-01,5.594413567609411997e-01,-7.217240313410047126e-01,-1.909095336980120849e-01,-3.973487153637366709e-01,6.187739133831015037e-01,4.869064105807191511e-01,1.000000000000000000e+00
-3.454219148303528386e-01,-2.721748946758149046e-01,6.965502343288082487e-01,5.035482313807024823e-01,9.485521299861964239e-01,-6.554926923150247164e-01,-7.228182937511844486e-01,-5.926196982834381899e-01,-5.073789095320553333e-01,-8.409854869625347229e-01,1.000000000000000000e+00
9.371011053893960607e-01,-9.999641972103519016e-01,-2.901332857128216536e-01,-5.698115761223992992e-01,9.449783111454829188e-01,9.100930889669973656e-01,-9.307993068437993012e-01,-6.659689444520338064e-01,7.652085883671200239e-01,-9.479618621358102404e-01,1.000000000000000000e+00
-5.863102763859635580e-01,-9.438097660462942962e-01,4.425222315301355902e-01,6.726763621107454405e-01,7.343331553993480698e-01,1.653816300493829994e-01,-6.575177891633646743e-01,7.061324384298135470e-01,-4.616392859813551741e-01,-4.012439793701166324e-01,1.000000000000000000e+00
-3.501625864646170511e-02,-4.041103024177452596e-01,-7.199546898498141445e-01,-8.388574665819489296e-01,3.305266285705361073e-01,1.644048666762623345e-01,-4.433592558697212471e-01,-2.958160740511025510e-01,4.111813117415978325e-01,9.725680485071065418e-01,-1.000000000000000000e+00
-7.848911032199104021e-01,-4.487761126142099100e-01,-4.150876621889190710e-01,-4.597853676218381369e-01,9.621909830066459612e-01,1.812845305802801010e-01,-8.136211687727145092e-01,-7.401887049210724434e-02,6.211012364256285334e-01,5.890692369738899092e-01,1.000000000000000000e+00
-6.758911953907176251e-01,-8.842096808031965072e-01,4.930917339153599865e-01,-1.253516139741849833e-01,6.500992665609431898e-01,4.343375336596901892e-01,8.161414995443653231e-01,3.927905435695555614e-01,5.026783031225650067e-01,5.545853488858581981e-01,1.000000000000000000e+00
9.254195287887944099e-01,-9.989878591676470965e-01,-7.516399265971093202e-01,2.091872465028336292e-01,7.310638183098701059e-01,8.061703265865820534e-01,-1.266802545764958154e-01,6.707718744915094344e-01,7.962503490880938894e-01,-4.718191054677937091e-01,1.000000000000000000e+00
-8.321663229085841662e-01,-9.314187482384354011e-01,-4.505919923130244920e-01,-2.736877795851496153e-01,8.274104691406433121e-01,-4.120419372071644770e-01,-8.053728545571082753e-01,5.875273555342628296e-01,3.581875634882466519e-01,5.792876515311703445e-01,1.000000000000000000e+00
-9.773939617468936358e-01,-9.937435551417149737e-01,8.280731334675844879e-01,7.647266083479659082e-01,9.354268508269857341e-01,9.759446358392758203e-01,-5.866323767371056652e-01,5.295811573887508894e-01,5.283213645202372577e-01,-3.427524260022168923e-01,-1.000000000000000000e+00
-9.914745245029707998e-01,-3.106334951698059288e-01,-6.713232554802481822e-01,1.702364805674924930e-01,9.657146604904915943e-01,-4.380582067854941752e-01,-9.663322184789586711e-01,1.715140058879803808e-01,5.148688511900645359e-01,6.280803460989045628e-02,1.000000000000000000e+00
-7.286782552871348129e-01,2.606100192646104707e-01,-1.354122449822817709e-01,9.141819964503036244e-01,2.247823818681924102e-01,7.683785874896094381e-02,2.015409273058658690e-01,5.672456863397732502e-02,3.886827409575855374e-01,-3.982710554828784999e-01,-1.000000000000000000e+00
5.808114470230570925e-01,-9.422063721374829282e-01,-3.199818783594117755e-01,-7.536921468858213125e-01,6.433686593215764971e-01,-2.886250030873020039e-02,-9.810826861906758456e-01,-9.265295452976088919e-01,9.565316160656417432e-02,-5.745149600081862484e-01,1.000000000000000000e+00
-2.911137012289956028e-01,-4.860610836256128442e-01,-4.744129756048748869e-01,9.675992122253929129e-01,-5.662810339163790729e-01,2.660201205969548455e-01,9.823141151357575040e-01,4.849900496912142867e-01,9.640096238300327469e-01,7.890103972396659282e-01,-1.000000000000000000e+00
-9.951743619030439802e-01,1.432890439015089834e-01,9.478207002985858942e-01,9.675501023607294693e-01,6.720680056784351653e-01,5.344526839865959555e-01,2.580257655623068302e-01,8.018769193765259429e-01,-5.507716200718616451e-01,-3.150115989348232781e-01,-1.000000000000000000e+00
-5.281069251319006064e-01,-2.678438915995055569e-01,6.968817608645161421e-01,8.684330022150104078e-01,-1.499125097044372301e-01,-3.937727090591740531e-01,-7.814454780382636967e-01,-6.229625007635890555e-01,-3.715144668958648144e-01,-7.631486240265348275e-01,-1.000000000000000000e+00
4.476663155095221835e-01,-9.382921006561933952e-01,1.760679019263113598e-01,7.407121634748943251e-01,7.422216240657860675e-01,1.235877794577646717e-02,6.104500538486956618e-01,2.959584922214791858e-01,7.187293530470745262e-01,-4.016214958456301720e-02,1.000000000000000000e+00
1.658643612980541526e-01,-1.781919633873129127e-01,-4.209309800279472658e-01,-9.113117692211101240e-01,9.702372290417141665e-01,-4.734298762937655947e-01,-1.525646078930784633e-01,5.219394924683261328e-02,-2.116683488373661270e-01,9.685728352248879069e-01,-1.000000000000000000e+00
-5.803148343336943515e-01,6.492005643428857553e-01,-3.594874192913055655e-01,-8.313086401724792962e-01,9.620922811788850115e-01,-8.507933205348774952e-02,-9.980518121670628462e-01,-9.011068049985262451e-01,-8.019831485194817144e-01,-9.148821548545250926e-02,1.000000000000000000e+00
-9.521110578268371372e-01,-7.201729166775433510e-01,6.484009027120476443e-01,4.087759196354636138e-01,6.080372929294369788e-01,4.474590812773179271e-01,-8.882404393991597535e-01,-1.999917807536297498e-01,-5.354495563295091909e-02,2.411812630618226649e-01,-1.000000000000000000e+00
-9.373412197328065965e-01,-7.716864117501252007e-01,5.367659553785426585e-01,-8.907516361561634843e-01,4.510307293196162415e-01,9.205207519142385442e-01,-4.042758342078920375e-01,6.770939896066739960e-01,-3.534959479217210099e-01,9.952571839717812008e-01,-1.000000000000000000e+00
-5.569318891024017670e-01,-9.497160168733937979e-01,9.892847814468754830e-01,9.718826376296069158e-01,-4.778354273337598324e-01,1.973893725073866401e-01,2.443333976232524019e-01,7.659291246616285465e-01,-8.896564277089837880e-01,-8.950148583006923841e-01,-1.000000000000000000e+00
8.993107929289126945e-01,3.192997266584299276e-01,2.172783064614815518e-01,5.141789553917200939e-01,-5.601198099273502207e-01,-3.086833649686006043e-01,7.744504052694920482e-01,7.172589204726805001e-02,-3.947461065734720331e-01,2.108191769830193296e-01,-1.000000000000000000e+00
8.904254661040100771e-01,-7.438339916078290370e-01,-7.671792968418652547e-01,5.301717868923818688e-01,-3.131291460562269369e-01,4.486408920188821869e-01,4.233935071426481178e-01,3.215903884588434264e-02,5.746222285807617292e-01,-1.631524962703784498e-01,1.000000000000000000e+00
7.861369163175421226e-01,-5.937433036415348253e-01,9.338582364770731115e-02,3.842482531962276848e-01,7.849699173931296015e-01,-8.934561046960313169e-01,9.859468085230239653e-01,-4.589470649106411337e-01,9.509327463579995143e-01,5.888730861689704943e-01,1.000000000000000000e+00
4.473122924242795562e-01,-6.691644015618648522e-01,4.637164653898667721e-01,-2.714596710832948290e-01,7.826604666400562849e-01,8.633489212754331676e-01,-2.316708298491240714e-01,-8.108648271899829840e-01,-5.461504519171545002e-01,-6.354461636230893662e-01,-1.000000000000000000e+00
-9.266004296496543891e-01,-9.409168085610412069e-01,4.634953173405472748e-01,9.023039968306612035e-01,1.732097386013349560e-01,9.553110596084011252e-01,-7.512818231599509566e-01,4.877169437915959693e-01,2.538883982882457202e-01,-6.411582410660492393e-01,1.000000000000000000e+00
5.230591056015115869e-01,-9.483265917694764235e-01,-7.430624133900354256e-02,-5.300662771828366093e-01,3.296588362684011453e-01,9.236329851294885485e-01,-7.813747209093275803e-01,3.004634457645422030e-01,-1.208151252838513406e-01,9.266583133279374662e-01,-1.000000000000000000e+00
9.151056435162802094e-01,-7.945213679374826254e-01,-6.064839980036655920e-01,9.327343307062827549e-01,-5.459723939229820244e-01,-2.934538199552633730e-01,8.183961186609526317e-01,4.052372503186217889e-01,7.152691668235022782e-01,-1.617902629454257279e-01,-1.000000000000000000e+00
7.784624490067004743e-01,-9.365275865536519806e-01,2.791785012836049407e-01,6.305804724725218025e-01,8.492027530402248559e-01,7.314978600679834519e-01,-3.857098741343020221e-01,-4.658582518143548068e-01,2.807145199116322098e-01,-8.953855771318482981e-01,1.000000000000000000e+00
-1.999835510944963368e-01,-2.013742938376028302e-01,5.886976333075147894e-01,8.241826059479939737e-01,8.856782338389682652e-01,-9.830571123995111016e-01,5.425811812403844581e-01,5.273478357847072306e-01,-4.857870647813024301e-02,2.244461629021814453e-01,1.000000000000000000e+00
8.150364593013493808e-01,-6.495241781686479365e-01,4.649747742526297301e-01,4.109583819097284985e-01,8.037831082337159039e-01,-7.091491279656935744e-03,-6.131370585786363181e-01,-8.834605642096331479e-01,2.734404665486327435e-01,-7.519856803145319457e-01,1.000000000000000000e+00
1.826495070977412760e-01,-2.187038221897626700e-01,3.328132231518283191e-01,9.563042756886507290e-01,2.766431756579753598e-01,-9.409450979083079369e-01,2.905924777666367143e-01,1.960666777242045244e-01,3.315686466782021835e-01,-7.233489859412547407e-01,1.000000000000000000e+00
-8.914358754889583070e-01,6.244162197787143098e-01,8.161800589142325091e-01,6.875189452351271324e-01,5.254578239306496590e-01,-6.963038843754086882e-01,5.231118729209455198e-02,3.568055992146584865e-01,-6.037894360050799492e-01,4.513103436841104377e-01,-1.000000000000000000e+00
-4.394646405839955361e-01,-9.525579286148870839e-01,4.677232019359289783e-02,-6.400526790909469854e-01,9.723958436119239934e-01,-1.595019515413060307e-01,-7.268880296364812477e-01,1.519164982526190755e-01,5.524325774289501334e-01,8.388442478990421058e-01,1.000000000000000000e+00
-8.031198663642644675e-01,-9.500947562756326681e-01,6.928176602499501735e-01,7.151452867267951152e-01,4.203547603433497315e-01,7.486658071291725225e-01,2.738474435932880535e-01,5.440332684449812328e-01,8.072260273224854954e-01,2.119105225095170852e-01,1.000000000000000000e+00
-6.470320944125266260e-01,-9.829347698643784437e-01,-8.733222549956660696e-01,-8.069797414291002280e-01,9.098415563193010813e-01,8.863148572304422323e-01,-8.600752257786336008e-01,-1.548298183018334828e-01,9.152733722941727157e-01,6.404673826198580278e-01,1.000000000000000000e+00
9.334503561377928138e-01,-2.590785065207253934e-01,-7.747518728870509408e-01,-3.923373400337912265e-01,8.360431238239373064e-01,-3.416275748158579817e-01,4.958042956534512435e-01,-7.749404280054124072e-01,9.341616551524061229e-01,7.293646805221658536e-01,1.000000000000000000e+00
7.631815070864496064e-01,-5.084305595869649252e-01,9.824966775036693134e-01,8.264438237064555270e-01,7.952403121970416100e-01,-1.427589750336689667e-01,9.052472422207322733e-01,4.411595790161970676e-01,-7.058656678986544586e-01,-6.388637371845207191e-01,1.000000000000000000e+00
8.067962994973360003e-01,-9.881069594763640662e-01,-5.615256706126423580e-01,-1.992678882572959387e-01,-1.037320613231753341e-01,-3.696872460629112567e-01,-5.603500312300569997e-01,4.677984662379687242e-01,-1.761722870418051534e-01,1.391659340684359980e-01,-1.000000000000000000e+00
9.641451108276701820e-01,-7.832049035731754039e-01,-8.863562525959084448e-01,1.700257034648919863e-01,3.769586155653040227e-01,4.543381309034226767e-01,5.873581759007562297e-01,-1.385748282130689346e-01,8.900760025795632080e-01,5.418295874519726274e-01,1.000000000000000000e+00
-4.539305811712467387e-01,7.155577089414757452e-01,4.500457645856528188e-01,-2.595043357436226383e-01,9.561924559006169666e-01,-5.785864026130648208e-01,-3.617811929803804172e-01,-3.599036167422522275e-02,-6.332182267245697327e-01,5.635846695278260432e-01,1.000000000000000000e+00
-4.990152739274425486e-01,-9.874319856514857108e-01,-8.388781390798573101e-01,-6.454269694593900430e-01,7.012168681706825168e-01,8.879753554623712741e-01,-8.642468527311046866e-01,-2.128108017216738812e-01,9.068936866838747113e-01,8.012874816219133223e-01,1.000000000000000000e+00
3.101860710975475888e-01,-9.877123725534184828e-01,-5.134856905203610822e-01,8.134975525496416227e-01,5.888303101639050935e-02,-3.830693013863107482e-02,-7.588593397364601367e-01,-5.733764370425030732e-01,4.539991878769904510e-01,-9.895760685638828047e-01,1.000000000000000000e+00
3.033363036370158583e-01,9.763311238674079462e-01,-5.415454786400749621e-01,2.848429633816711992e-01,4.759657181409885848e-03,-6.245117133529723974e-01,7.783333874269825481e-01,7.092413608841463546e-02,1.176993008843777722e-01,9.617231018134337894e-01,-1.000000000000000000e+00
-9.902992928536931139e-01,-9.296554218008710180e-01,3.814334371384707767e-01,6.977141948745366751e-01,8.651287494411327161e-01,8.107348865699880447e-01,-4.333531882374585531e-01,4.632819893080046270e-01,8.874421766293490998e-01,6.372511435988907624e-02,1.000000000000000000e+00
3.944083174754792753e-01,-8.390296207971271736e-01,9.159606167753684414e-01,1.200719961996788154e-01,1.793789528875310291e-01,-3.777849809805375880e-01,6.206737937842792263e-01,-7.593868178821044923e-01,-2.377450767797566200e-02,-3.933631919980741798e-01,1.000000000000000000e+00
7.178153083553642233e-01,-1.427132956281668696e-01,8.556692819983352516e-01,4.606304160447271534e-01,9.387238080188013978e-01,-6.198260022266816049e-01,2.243338227627399428e-01,-7.642340224015893302e-01,-2.387168472378528861e-01,-7.394903702175579241e-01,1.000000000000000000e+00
9.638337912846834943e-01,-6.777036014804839192e-01,1.380192920641382104e-01,-1.889848368197914186e-01,5.024981957253775722e-01,5.246010842339720037e-01,-7.421791692652330852e-01,-7.309926827565833563e-01,-3.090300974033900472e-01,3.690329354002641615e-01,-1.000000000000000000e+00
-2.566086307710012671e-01,-2.055565988707326042e-01,5.098980612384967914e-01,8.720750278729826055e-02,7.442360834572254724e-01,-2.184039427419645716e-03,-6.916662971825312534e-01,1.636090566164977167e-01,-6.347649439252156522e-01,5.621276544232803873e-01,-1.000000000000000000e+00
-6.049489791339263123e-01,-5.054152077074242078e-01,4.417813593316590737e-01,7.851414211403543453e-01,5.687830227200831867e-01,8.982475852258160476e-01,3.446136149470421239e-01,6.818561454857104964e-01,1.983557004205570296e-01,5.735322101739788181e-01,-1.000000000000000000e+00
9.168169828431242951e-01,-9.899195976593055946e-01,-8.152591414420983229e-01,-6.032631288612978482e-01,9.683693608550346665e-01,-5.680162067342385823e-01,1.740897384006937221e-01,9.183245321723610896e-03,8.893125240877761684e-01,6.971089553235171321e-01,1.000000000000000000e+00
3.083726895747508912e-01,-8.855411427565819116e-01,1.094926836190241032e-01,4.374542610178732138e-01,-4.652574241140939315e-01,8.989832066409935152e-01,2.300118408507364764e-01,-6.356323075973734082e-02,-3.353530587092867776e-01,-4.432872144143366056e-01,-1.000000000000000000e+00
7.910985812468535050e-01,-9.167133791359521888e-01,-3.602887106728350775e-01,9.473529845255481696e-01,-8.956085554196155929e-01,1.924960216157731718e-01,9.357796287232598154e-01,8.960774452467840101e-01,3.019667378125831525e-01,3.407095862395230212e-01,-1.000000000000000000e+00
8.745026573821577109e-01,-9.777918716169770041e-01,7.270850852653332197e-01,7.190696094058021126e-01,7.273412396666562030e-01,-9.352496920550754655e-01,7.257800340978817211e-01,1.832674250927718573e-01,1.232554186902473786e-01,-6.373905530118775253e-01,-1.000000000000000000e+00
5.017629839915226375e-01,2.337542620383178393e-01,8.426731251472195927e-01,9.512141447095647795e-01,6.821901501541092205e-01,-5.983376855748978596e-01,9.516869711948263699e-01,-3.562801334157272293e-01,9.459037382189222631e-01,7.587725092211097255e-01,-1.000000000000000000e+00
-9.480321158006801419e-01,-9.943329880700330081e-01,9.693557921628171981e-01,-1.101247796507329874e-01,9.952177125994706719e-01,1.193063174777271029e-01,-9.004753702231758083e-01,-6.027353130649651947e-01,1.513256291912430662e-01,-6.677021897326790301e-01,1.000000000000000000e+00
-1.490670134450805262e-01,-5.806494646212519983e-01,6.218334299274073107e-01,9.921618569057608084e-02,3.011949717976226681e-01,1.533498509527196907e-01,-5.353034664667234432e-01,-2.393638206992015072e-01,1.860955228109034687e-01,8.093669375052392478e-01,-1.000000000000000000e+00
9.234311875004590220e-02,-9.905502579869571722e-01,6.291037562392632898e-01,-6.317865758977245783e-01,9.656346493546374976e-01,-8.168156032082411755e-02,-8.222151891058214757e-01,-7.915468340431141003e-01,2.756677634778798569e-01,-6.374501192154666818e-01,1.000000000000000000e+00
-6.786919207093557345e-03,-8.750907527845065426e-01,7.601104479398375080e-01,9.719698944003402064e-01,9.340339452981941126e-02,1.663067297233182806e-01,9.764358268572507216e-01,6.525362318791729788e-01,3.357561443612616658e-01,-6.371417257701641468e-01,-1.000000000000000000e+00
-9.970802036485418851e-01,-2.485318932130283487e-01,5.118216375572056664e-01,3.708569253717398095e-01,8.632068839145692341e-01,-9.813383670521222957e-01,-2.478149194663802068e-01,6.002463808366549358e-01,3.185975018067239151e-01,6.409665138234122983e-01,1.000000000000000000e+00
8.692628374396159652e-01,-9.166945494436537500e-02,-4.791963932409669669e-01,9.076467341590464810e-02,2.553970390501633658e-01,-7.906802432570478878e-01,-7.155094657267618841e-01,-8.872667601308901197e-01,3.725363826488189978e-01,-1.676461930332676931e-01,1.000000000000000000e+00
9.614948845291360069e-01,-9.943521515994219184e-01,-9.778474852642212722e-01,-9.232011382577269831e-01,5.577228248991874526e-01,6.809479677449836732e-01,-1.830596517030289028e-01,2.697088339641154908e-01,5.196907518694944272e-01,2.229678265994947950e-01,1.000000000000000000e+00
9.990903000022179903e-01,-9.990879401987980968e-01,3.825349057309820888e-01,7.473468309876787341e-01,-9.151631042205990996e-01,8.508781791424741003e-01,7.786057599099555082e-01,-2.455360729340855253e-01,-3.145682560762506214e-02,-9.549306170871090238e-01,-1.000000000000000000e+00
2.000500456273142935e-01,-9.749416366270809986e-01,8.948481913334118687e-01,8.396070964759322353e-01,8.695253431787683951e-01,-6.020057332420052365e-01,8.750661359965581365e-01,4.521039077593189126e-01,4.197975061194818558e-01,-8.584751561846530876e-01,1.000000000000000000e+00
5.991917490218308107e-01,-9.537871838719662598e-01,-1.228640852096340996e-01,6.627701913305433790e-01,9.110384141384961776e-01,9.425253131892302738e-01,-7.531253562417887792e-01,4.531059738108186852e-01,4.147056256349210268e-01,5.889369723821759051e-01,-1.000000000000000000e+00
8.179335760402665079e-01,9.258816547177521894e-01,6.574140989167661653e-01,7.758717634355446480e-01,8.045255222439973153e-01,-9.156870729384464225e-01,9.044728040941192315e-01,3.007182141686121080e-01,-8.603644515184087904e-01,-8.337604976627306652e-02,-1.000000000000000000e+00
4.328674246191150932e-01,-9.950146754345920996e-01,4.077815495570634441e-02,3.331864329582829298e-01,6.139051526384398105e-01,4.263339788288090237e-01,-8.790103440785288491e-01,-2.910999430826788914e-01,1.266578873207320488e-01,-8.643533686917590497e-01,1.000000000000000000e+00
-8.621406459425098312e-01,-1.187909483295215007e-01,3.858361474694304016e-01,-4.129347439481561022e-01,9.523883130809113196e-01,-8.406904448443053290e-01,-4.020621536167424681e-01,1.642660256998936807e-01,-1.487435032654443878e-01,5.599174966044285773e-01,1.000000000000000000e+00
-8.439116450624670751e-01,-7.510449571589964401e-01,-5.840286740028370893e-01,4.167830293318839363e-01,8.261910043082348887e-01,-6.681121591216772071e-01,6.862865998588600913e-01,6.988897575440252696e-01,8.562985800092971500e-01,6.387707464901389853e-01,1.000000000000000000e+00
-8.696397112580832589e-01,2.092234948839120368e-01,-6.798146776064066810e-01,2.075731846346032250e-01,2.224586352317198812e-01,6.823088977408255928e-01,7.986152400192184642e-01,9.153849089430394770e-01,6.405121900306003369e-01,9.929494123376965131e-01,-1.000000000000000000e+00
-4.056475181477796621e-01,-9.268550120566837469e-01,7.827905246943362982e-01,-3.373486809332697511e-01,9.902782521239786861e-01,8.732517205455164744e-01,4.686368767205102981e-01,-3.623146739440056829e-01,7.973962748191569805e-01,8.732829840922815556e-01,-1.000000000000000000e+00
9.510368923161420796e-01,-8.161428924569064103e-01,-2.923331835060368755e-01,-5.531755301889428322e-01,6.323425388678843850e-01,-9.152948301294442368e-01,2.647508757920246647e-01,-3.982559200939099209e-01,-3.390708823464682609e-01,-3.805299504056973703e-01,-1.000000000000000000e+00
