-2.054555240444156938e-01,4.177465322330975450e-01,6.797606417932559875e-02,7.830866432067505878e-01,-9.363407754605951316e-01,-8.317277484205632954e-01,3.687024248213557343e-01,-9.399130584479077344e-01,-3.673290238597769486e-01,9.734643199792634150e-01,-1.000000000000000000e+00
-6.976607047214196111e-01,6.799619120441576792e-01,-5.440423050906066926e-01,9.572562814011422727e-01,-9.259576894719468987e-01,3.593679808535270026e-01,-2.283586326517078879e-01,-9.871107084811066024e-01,-2.738696411897378336e-01,7.351998248950952775e-01,1.000000000000000000e+00
-5.208207778630923324e-01,-9.453446382390519043e-01,9.841623307204958593e-01,-9.583684795687058555e-01,-4.839509102511106720e-02,-9.513592636090684174e-01,-8.477394273608165887e-02,8.691932119292148373e-01,9.612734739220442082e-01,9.504155071887078199e-01,1.000000000000000000e+00
-9.751209559343210209e-01,-6.719761274807974083e-02,5.437632947645152370e-01,1.493987525528671645e-01,7.599119208777684875e-01,-6.925710588146527513e-01,-4.577591306876756527e-01,-8.155009166272210175e-01,8.059030891347163106e-01,-8.092837055626977971e-01,1.000000000000000000e+00
3.147128968314057973e-01,-4.047819903877041686e-02,-4.352435058418364089e-01,9.716115369760168763e-01,-3.660455153112858184e-01,-7.082243727201987804e-01,9.407267937407218228e-02,-9.020919281096573261e-01,7.462951005582403319e-01,8.790477689540719952e-01,-1.000000000000000000e+00
-6.581338370990752473e-01,4.217478108793945024e-01,5.144888649584243856e-01,5.326905353409252530e-01,-5.792868537327517942e-01,-3.669171049321444111e-01,-1.872502529672624705e-01,-7.966644460014141726e-01,7.794812096168345361e-01,4.076747415585672135e-02,1.000000000000000000e+00
-6.208662712906390380e-02,9.881942160865690994e-01,-5.495342528743650812e-01,9.920068164263213806e-01,-5.228676921363062391e-01,9.429589166245636034e-02,6.743574792390686357e-01,-9.627463533293122433e-01,-7.005356932536287440e-01,9.758960695920021466e-01,1.000000000000000000e+00
-8.262350255516722752e-01,7.073450177498347147e-01,-7.526411226964438983e-01,9.830468673815604408e-01,-8.619122053041230469e-01,8.989393809165157068e-01,4.183165752145089344e-01,-9.869705193327278359e-01,-8.308219130072761471e-01,8.311306675711487291e-01,-1.000000000000000000e+00
-7.469095936216498810e-01,-7.840077126471013402e-01,-3.897992344706738832e-01,9.427105656888908891e-01,-5.374522581268168508e-01,6.453499208395586662e-01,1.460646497717727199e-01,-9.370298399057082062e-01,-6.041270639260283293e-01,8.814654683730267504e-01,-1.000000000000000000e+00
-4.560245099576716865e-01,9.369919185464979927e-01,9.303691994356742823e-02,7.925931685391961468e-01,-6.065787973197844796e-01,-2.441290495331846500e-01,9.033917811190322888e-02,-8.267189244020245464e-01,8.409090825551236437e-01,5.676485110501346965e-01,-1.000000000000000000e+00
-1.428370281814674847e-01,7.637036853785985624e-01,-4.894091593257116624e-01,9.261120360918789762e-01,4.249879606457288017e-01,9.087184926450337930e-01,2.415672320786604321e-01,-4.004274293634902948e-01,9.390466644761568116e-01,9.244543548050128123e-01,1.000000000000000000e+00
-8.560839862982344561e-01,-2.125129744538282184e-01,6.097119595756257393e-01,3.899424055375450004e-01,-3.920956496389972901e-01,-9.554905857925610757e-01,-1.647274306320615778e-01,-3.735992423669047269e-01,5.662810067202970199e-01,9.363930130435101917e-01,1.000000000000000000e+00
-9.011324177138983760e-02,7.539390779020108679e-01,2.500664381029163996e-01,7.938907519971718507e-01,-8.656494175169517913e-01,-5.976738462021717879e-01,6.492640132986414736e-01,-8.768812536832746307e-01,5.071918175437961640e-01,9.716129037592265982e-01,1.000000000000000000e+00
6.914380317508564966e-01,-3.380915572279492576e-01,-2.887195733502095352e-01,8.551158277573539523e-01,-7.295495805517446808e-01,-5.181082973378865475e-01,-7.558952243200544041e-01,-9.243696004926703624e-01,5.020338901991631131e-01,9.163246503884319161e-01,-1.000000000000000000e+00
-3.745419296158161160e-01,5.100533484485078040e-01,4.995117017227438949e-01,4.170927493939727837e-01,-3.285986673611971387e-01,-5.134934449548701485e-01,-3.566682170179765743e-01,-4.241851283814020990e-01,9.652459237394267477e-01,9.015824587219413155e-01,1.000000000000000000e+00
-9.298528548622599921e-01,7.720841839766490189e-01,-5.498323932460748020e-01,9.659701298464042907e-01,-6.874506641255812012e-01,2.196109579340745910e-01,4.851952551524343349e-01,-9.374796555085329608e-01,-1.780214945938565496e-01,7.238296621710783585e-01,-1.000000000000000000e+00
-3.767412430546557833e-01,3.118501823777609649e-01,-2.295413219832495577e-01,9.689287315252170796e-01,-6.655491856609601076e-01,-1.006118152128738091e-01,-7.399975300630094732e-02,-9.888413532043504039e-01,-4.237050199273444118e-02,-4.983101614583071437e-02,-1.000000000000000000e+00
-8.807337221623783297e-01,9.488598313534181150e-01,-4.494298693385279098e-01,5.781175331751442492e-01,3.191038584279368706e-01,7.700107398669937542e-01,-2.180759577782889758e-01,-5.806845939289811964e-01,-6.265408501654611273e-01,9.229405611101328955e-01,-1.000000000000000000e+00
-4.634102190986932324e-01,-6.501677429635243088e-01,8.969914479589363721e-01,-1.567449269766426623e-01,-6.837168448754691319e-01,-8.835621194469128747e-01,1.211872823982249325e-01,-6.069284650154314065e-01,9.613469785622200670e-01,7.734502537912313347e-01,1.000000000000000000e+00
-8.573831738930427493e-01,2.036905669243408712e-01,3.321316995314906872e-01,4.424613097347361301e-01,-8.377382323321351798e-01,4.884595659437238058e-01,-3.127410204260719362e-01,-8.977601275863965613e-01,9.638968303459135578e-01,2.181044999194125811e-01,-1.000000000000000000e+00
-6.929176756120295488e-01,7.356851451213275439e-01,-4.192284714606541174e-01,9.071877849366458690e-01,-1.155210367258529547e-01,4.472249366902986689e-01,7.462289869122265551e-02,-8.487554038684709257e-01,-6.518089757705978204e-01,3.194281994847111839e-01,-1.000000000000000000e+00
-4.634300758155144861e-01,-1.946467996684693724e-01,1.079888022674572734e-01,-2.358572527545408082e-01,6.586154636891580205e-01,-8.460785577258277401e-01,-8.940738886242677319e-01,-4.711320109893127328e-01,7.390932756689007066e-01,5.702334436895400982e-01,1.000000000000000000e+00
-7.908742435660314207e-01,6.751114228046571908e-01,-3.125958635638438881e-03,8.884574069548609732e-01,-7.993271749095584022e-01,4.380351735371906807e-01,-2.027087442895983416e-02,-9.474246485748553104e-01,5.046742331142544113e-01,5.743384621885452290e-01,1.000000000000000000e+00
1.551800461146256027e-01,9.528267278784282590e-01,-8.201024552251746647e-01,9.956393050360509145e-01,-7.734215721520683040e-01,-8.954359496782373640e-01,1.579225907404129270e-01,-9.948605631422854367e-01,-6.738074595325647120e-01,8.676654916413303331e-01,-1.000000000000000000e+00
4.719814123801988059e-01,3.308860231388500717e-01,-6.299423419593459805e-02,8.877634213662303209e-01,-7.699505101796384476e-01,3.748988581579355134e-02,1.496372526786931556e-01,-8.821459897981143161e-01,-5.898319186031014683e-01,9.190524796854675493e-01,-1.000000000000000000e+00
-9.858153596059728851e-01,-3.116933779413944006e-01,-1.876844559065589391e-02,7.957505227653189905e-01,6.074167301725061918e-01,8.442378708530419162e-01,5.601187563066842845e-01,-5.507253261310198766e-01,3.548435731779578939e-01,3.447733025215229258e-02,1.000000000000000000e+00
-8.988676029981760296e-01,-9.284066516284108506e-01,7.089779575795068789e-01,5.099899460136622098e-01,7.048627263126302500e-01,-3.167719259939959509e-01,4.902636852360387487e-01,-5.199943553315313771e-01,6.203562022288604538e-01,-1.923324845752606982e-01,-1.000000000000000000e+00
-7.437463897778945343e-01,1.016566902986087012e-01,-7.447664184900307793e-01,9.494616820687342695e-01,8.894753536807160910e-02,5.958521242078106406e-01,-3.921632664420602321e-01,-9.709273057561857989e-01,-3.456404493912714204e-01,3.987273847810955674e-02,-1.000000000000000000e+00
-9.745214439595201172e-01,-3.605281575782176562e-01,6.310841940174551912e-01,5.411553459446543091e-01,-1.777976846215494067e-01,2.327825907413021839e-02,-1.716077478943391632e-01,-9.237285197665406900e-01,5.636907125949113251e-01,-7.640956780719969643e-01,1.000000000000000000e+00
-7.951034372290712859e-01,-2.026071147466570466e-01,4.127965796445817181e-01,3.310730805731993964e-01,-6.152485751646908918e-01,-6.341441308533390941e-02,-4.318934764363834278e-01,-7.281768500921159681e-01,1.475367544788151741e-01,5.696746918121552428e-01,1.000000000000000000e+00
-9.574701391478096513e-01,-8.832180437264142148e-01,-3.988039685368207632e-01,9.415537128713306059e-01,7.885320097415644824e-02,8.667068821152376090e-01,2.231372286586697506e-01,-9.192398854510186457e-01,7.223565965692546609e-01,5.428798794280621509e-01,-1.000000000000000000e+00
3.984156171364722915e-02,4.805789098069134790e-01,3.584189018494927242e-02,4.926707461518788911e-01,-1.745305066474263367e-01,-4.380580943076106126e-01,-3.353420329893366802e-01,-6.196192284876997913e-01,2.634499425919629712e-01,9.475018246328332783e-01,1.000000000000000000e+00
-7.015957872812533802e-01,-8.196176435916013858e-01,7.765853798155811782e-01,-4.298511214222708876e-01,-7.543368189719558137e-01,3.692449602813913101e-01,-3.853164074702104536e-01,-2.802222464346850184e-01,6.995839071487897076e-01,8.479707749779027415e-01,1.000000000000000000e+00
-4.117806733953318088e-01,-9.411420739636395805e-01,4.338902038266619354e-01,-1.554540532199599479e-01,-4.599340518809411638e-01,-9.454349244593696078e-01,-8.225831492877626605e-01,-4.727782302174271534e-01,9.147044361261653656e-01,9.552758717188036819e-01,1.000000000000000000e+00
8.461427351155346166e-01,9.723238172148862546e-01,-3.363630494655200920e-01,9.700490900200754441e-01,-9.319556092454793772e-01,-5.522324159097493634e-01,-2.611891456958083113e-01,-9.855749265743112275e-01,1.287299965540535454e-02,8.711964168001755660e-01,-1.000000000000000000e+00
6.077110245738393673e-02,6.900945623129685069e-01,6.478105494696960731e-01,6.588830686535743775e-01,6.611478666644000635e-01,-7.300377312363634519e-02,1.724107126231685591e-02,-3.798829005210013210e-01,7.838480154233948838e-01,-3.002376663820697025e-02,1.000000000000000000e+00
-9.715275337234398068e-01,-9.686350739989950664e-01,7.554234110115953804e-01,-7.178690427113679773e-01,-4.050086434454564510e-01,7.583370711684461751e-02,-7.115908464270170874e-01,-1.566185646521080221e-01,9.467807602474129780e-01,7.601175048715127502e-01,1.000000000000000000e+00
-6.824710453227319507e-01,-4.961032256762867299e-01,5.778423645809350750e-01,1.366316433154164400e-01,-2.115378417211551121e-01,-6.354065326967222038e-01,-5.777374273986942699e-01,-3.790702221810782202e-01,8.898332271523340387e-01,8.430061097128954684e-01,1.000000000000000000e+00
-9.649272705931984939e-01,-8.202405401761907466e-01,5.594657602643442473e-01,3.640492045935689869e-01,-2.268333814221853706e-01,5.086629517053491423e-01,4.553847763843979490e-02,-6.649671050042235132e-01,8.605480929210513885e-01,8.003655203540671614e-02,1.000000000000000000e+00
-7.140779446408073161e-01,2.546526849046522600e-01,-1.867005592526260749e-01,8.684136105431899955e-01,2.966009483070859987e-01,5.235266281798173216e-01,2.137515691921594851e-01,-7.840252134759262415e-01,-4.207155571059966181e-01,7.049960891013309361e-01,-1.000000000000000000e+00
-9.484287904800643432e-01,-9.847818382473206844e-01,7.594895881490513201e-01,-9.100559331816360231e-01,3.722975627325668668e-01,4.418414505987080521e-01,-4.890749610455606411e-01,8.884565328479100410e-01,8.981730426518811372e-01,9.906747012803222008e-01,1.000000000000000000e+00
-9.704111555509132847e-01,-7.368839130068188803e-01,8.260902290452685204e-01,6.537345895318898148e-02,-3.491863986995782376e-01,4.585228495636172186e-01,7.812664336381097696e-01,-2.269062149863686640e-03,7.907279777035352009e-01,9.257696352567367226e-01,1.000000000000000000e+00
-8.121995416228521281e-01,4.557105193640841878e-01,2.071085100872431251e-01,8.105082981069573478e-01,1.448912903051096934e-01,6.605306430193738643e-02,3.180415019650477682e-01,-8.123383018148461199e-01,6.842634292259282269e-02,6.219941166000603205e-01,-1.000000000000000000e+00
-9.421304940762658120e-01,-9.923339625353018167e-01,3.815900089000865969e-01,3.942422516048406655e-01,2.388812655838765120e-01,5.472016438209769129e-01,9.852255467413222056e-02,-2.381812845540298706e-01,8.468480146699433053e-01,9.377237854833526676e-01,-1.000000000000000000e+00
-6.400566048178314427e-01,5.880833628281265657e-01,-2.264968696948634341e-01,8.726144982749767243e-01,-9.898744744239568183e-01,8.291510317355662574e-01,-3.804054937286394655e-01,-9.683920475757935575e-01,-2.305059548203174657e-01,8.844655758544907043e-01,1.000000000000000000e+00
-9.829457805220587208e-01,-8.558684462773477608e-02,-5.218626431984450115e-02,3.229665809421351508e-01,-6.079849290436475928e-02,9.782369541867834695e-01,1.273350670021469178e-01,-4.856123263733602702e-01,-3.402627478656564675e-01,5.747022583866620016e-01,-1.000000000000000000e+00
-8.256920550978900097e-01,5.474530020843928341e-02,-5.917187644628871812e-01,9.564422315500729077e-01,4.688370064378857283e-01,8.116060036527374955e-01,-2.559772470981078185e-01,-7.735191143204694919e-01,1.686586412700980531e-01,7.324095438554296678e-01,-1.000000000000000000e+00
-9.652612115087551015e-01,7.999607579893428522e-01,2.834608756080032044e-01,8.616229061101824405e-01,6.800581721482042985e-01,7.377408514601321299e-01,7.274005184857531559e-01,-8.103979538436645313e-01,5.853616506218036752e-01,-5.742029817009247639e-01,-1.000000000000000000e+00
1.366300782589588703e-01,9.229313265758035678e-01,-4.476828604575485704e-01,8.502837783143112338e-01,-8.339388861077632331e-01,-3.148736699705791953e-01,-2.998621117077979181e-01,-8.684826999808666903e-01,-1.364588556878929548e-01,9.658361358536404762e-01,1.000000000000000000e+00
-8.702070718084382595e-01,6.142592933457730053e-01,2.717412598334066898e-01,8.449806438212739135e-01,-7.186342385263777555e-01,7.192465929375431166e-01,3.209308873538085916e-01,-7.414132873460563822e-01,8.366418048612991321e-01,7.590246135901409508e-01,1.000000000000000000e+00
-9.891919572884214640e-01,-2.790287170214051371e-01,2.722609970946919811e-01,-3.056567469339994125e-01,7.061074875900482661e-01,6.173053456546577777e-01,-7.265415210512625732e-01,-6.026806656903328785e-02,8.226415337778455461e-01,3.434203373455316927e-02,1.000000000000000000e+00
-9.727844997512989922e-01,-8.896919371861141679e-01,4.882680784721488143e-01,-2.431531895233201013e-01,-9.347855642790288411e-02,8.750930991428755856e-01,1.296902432970106767e-01,-2.410307335637764392e-01,4.794414700952642217e-01,7.815493899680436840e-01,-1.000000000000000000e+00
-9.899417616038145296e-01,7.323578415115918894e-01,1.155578377736334178e-01,9.343517920992333581e-01,-4.503115738429116499e-01,7.791733426329365830e-01,7.513739828107290908e-01,-7.210953416570753394e-01,9.795594301154288974e-01,-1.968524442441124400e-01,1.000000000000000000e+00
-9.790248909059912075e-01,8.721965073455754114e-01,-8.267269077495234542e-02,5.283575481419590103e-01,-5.792490794062702397e-01,4.461162840866397805e-02,2.446721647229890273e-01,-7.880819782027790321e-01,8.884494123213529937e-01,3.452271137231314735e-01,1.000000000000000000e+00
5.879580910651729386e-01,3.087010312914862942e-01,3.647032308455133709e-01,8.958592704293403264e-01,-2.462247080616764006e-02,-3.212949793610554439e-01,1.375619464744241849e-01,-8.391405600739536563e-01,4.777478068392645993e-01,6.294826548789838050e-01,-1.000000000000000000e+00
-8.802991665047374958e-01,-1.090503485670615419e-01,4.812927943746159731e-01,6.443325128217506359e-01,8.319756785535050714e-01,-8.799939185413609977e-01,2.464588913124208525e-01,-6.900601793115759275e-01,-3.449445467016272471e-02,1.689074531743220975e-01,-1.000000000000000000e+00
-9.503629181003464543e-01,-9.940217793959797987e-01,1.316743833514443518e-01,5.951325463390939596e-01,8.204806460338279761e-01,8.629762599280365043e-01,-2.993589035849871238e-01,2.680747464844614458e-01,9.296663716341627692e-01,8.640544238068719185e-01,-1.000000000000000000e+00
5.194986551880562686e-01,7.932388469714077850e-01,-5.023295663092774976e-02,8.498483149253627245e-01,6.674573990532881584e-01,-9.758601665512067758e-01,-4.098453558064609203e-01,-2.074923308097843255e-01,9.688012172295771274e-01,9.234917068113658312e-01,-1.000000000000000000e+00
-9.681444391554673290e-01,9.639400392328418832e-01,-2.838429860420371154e-01,7.965222385522880977e-01,-9.275703006756202962e-01,7.330759536383449904e-01,-2.002587555177605116e-01,-9.857098073855592446e-01,3.569906592532925971e-01,1.395139391111288041e-01,1.000000000000000000e+00
-4.545692131841549966e-01,5.896511253991356671e-01,1.203129954427335641e-01,6.724814136771938289e-01,-6.382131224341288656e-01,-3.861929912476669280e-01,-1.780532026058302408e-01,-8.523710077604655933e-01,4.184501805691369647e-01,8.139799106304916876e-01,1.000000000000000000e+00
-7.824663273842505373e-02,3.680053886115166595e-01,-3.521148342066325598e-02,9.380017339575833502e-01,4.798596723503499306e-01,-4.126128370780034887e-02,5.172426832715852907e-01,-1.341911514790291582e-01,2.049859530145336228e-01,9.584309475342789320e-01,-1.000000000000000000e+00
-6.898789358730677002e-01,-1.926889182699571823e-01,4.049496416592305303e-01,2.287468763107558534e-01,-9.435486955455868463e-01,-3.347630820261223716e-01,-3.751965567911720312e-01,-9.059344223286327491e-01,3.020462529227138093e-01,6.502670101082951293e-01,1.000000000000000000e+00
-7.283604273093113868e-01,3.616860646628690668e-01,-4.715482806871124088e-01,8.731960992219296447e-01,4.660110896568147587e-01,8.383762390264226649e-02,-5.583969906581550680e-01,-8.821780668714149787e-01,-2.203511002206281766e-01,5.429492742957983120e-01,-1.000000000000000000e+00
3.110457277447424562e-02,9.035034090007929564e-01,-6.438382102047000011e-01,9.676884425258073241e-01,-4.540623678435051214e-01,4.695860851725074392e-01,-2.737070906762331668e-01,-9.679164410085833170e-01,-8.971900411328139757e-01,5.752720357198722878e-01,-1.000000000000000000e+00
-8.838613900663305767e-01,5.573912213485204825e-01,5.393669857899392461e-01,2.787388451755227203e-01,5.732405666554846874e-02,-2.802383987000958698e-01,2.238789817239410229e-01,-7.451852896812988236e-01,7.022802196126141094e-01,1.572756678913013462e-01,-1.000000000000000000e+00
-8.291184871172355697e-01,3.864272840255306152e-01,-8.124662057270503820e-03,7.625192987123865507e-01,-5.333478361485043395e-01,5.519198056831327026e-01,6.379433985387665818e-01,-2.768292986244139664e-01,5.831514020597805548e-01,9.843255960240893110e-01,-1.000000000000000000e+00
-9.704387258520101867e-01,8.745422623437032472e-01,-1.748543391608437247e-01,8.187691641007057708e-01,-1.157501234929688705e-01,3.977802456248962226e-01,-3.162863925518240582e-01,-8.917053385665333343e-01,9.612818409895700356e-01,-6.058236918258418369e-01,-1.000000000000000000e+00
3.428804239117754227e-01,-6.895136181767207439e-01,3.291048632073479974e-01,7.793908713986236192e-02,8.693684054505426140e-01,-2.720969810028061042e-01,-5.977705916629567628e-01,3.488021194945013503e-01,-3.787620029004238886e-01,9.587641373256367006e-01,-1.000000000000000000e+00
1.174960917805761423e-01,-7.294374576532337562e-01,8.187923243353294467e-01,-1.787425819837495378e-01,-8.385496762601697407e-01,-9.632911618139718968e-01,-7.350254973273679937e-01,-8.465802258921913959e-01,8.977611375321599141e-01,6.237634208196071173e-01,1.000000000000000000e+00
-8.599337196763698343e-02,-9.309662748208494820e-01,-2.579257797237913263e-01,8.998913083074533414e-01,-4.039138733565874606e-01,-2.770456096564233861e-01,-5.739081957278931168e-02,-8.258232471478370584e-01,8.827676194588973679e-02,9.430070332226342389e-01,-1.000000000000000000e+00
5.777549214264127847e-02,-5.582319907121298108e-01,4.193036305233390770e-01,-2.157053183015420206e-01,-9.085707201142063649e-01,-6.464622001308399923e-01,-6.271780460312267325e-01,-5.704144591402331432e-01,6.108932953113302977e-01,9.605357126520167599e-01,-1.000000000000000000e+00
-9.903942021123361972e-01,4.756526790169839369e-01,-2.571050699225340547e-02,3.046252908536178361e-01,-9.652532306976543408e-01,8.734407471199496786e-01,3.354628414586841023e-01,-8.159132876487242836e-01,5.872956975007097569e-01,9.612211042447180720e-01,1.000000000000000000e+00
-9.756024466700196074e-01,-9.421455751354832972e-03,6.078620287948560685e-02,6.119016023185929187e-01,5.483153961095629247e-01,8.316329305885297174e-01,-3.794548578095322533e-01,-8.421608836126683872e-01,8.630593607136637369e-01,-8.227029041877379489e-01,-1.000000000000000000e+00
9.038339300033052526e-01,9.066629636623817212e-02,4.458184017321181747e-01,2.661969572557398300e-01,3.536368785888576172e-01,-9.888013358979200751e-01,-6.071526962821175433e-01,-4.130108108572316111e-02,-5.317212291730164520e-01,9.950256404329732574e-01,-1.000000000000000000e+00
-1.737736593750840441e-01,9.470124831910281538e-01,-7.546443138018239516e-01,9.818784458133555937e-01,-7.403383155016949324e-01,-5.860338051256808178e-02,3.441265497537477902e-01,-9.822699247267728806e-01,-5.637753824639407663e-01,8.373366294214544814e-01,-1.000000000000000000e+00
-7.697208413819249806e-01,9.650794553689141797e-02,1.852944987872833793e-01,-6.448446757185388734e-02,-9.830233187427265262e-01,6.368001386884244996e-02,-4.714883107351831026e-01,-8.786642355437557228e-01,3.558234432512725198e-01,9.362816504712787591e-01,1.000000000000000000e+00
-1.691870176039639018e-01,7.027408414438925943e-01,-1.991286050177050460e-01,8.357961730124585653e-01,1.030305181702410866e-01,4.201697594548067793e-01,-6.940202949555170919e-01,-9.443097766098395018e-01,-2.389196442231950046e-01,-4.218892958797627185e-02,-1.000000000000000000e+00
-8.236388645925746266e-01,6.854925455158984438e-01,3.082701689625941960e-02,9.482644538762229347e-01,1.074039120963863336e-01,7.655194803651995672e-01,4.727218755283514318e-01,-8.947106751586316742e-01,5.576929835307508077e-01,1.125385183108778830e-01,-1.000000000000000000e+00
-3.317806151655411928e-01,-6.427964304863466038e-01,3.423342157564530641e-01,7.191621608153729861e-01,-6.007366803586926540e-01,-2.076250249648160795e-01,-1.769611604813929318e-01,-8.749212655579042819e-01,4.836901517949382945e-01,8.100968884672490322e-01,-1.000000000000000000e+00
-9.976073631995409086e-01,5.766920441765750471e-01,3.410641688726095272e-02,7.990935601085356055e-01,-7.878146275225081374e-02,8.581169624939518625e-01,3.291168156310771836e-02,-9.522348012209900237e-01,3.307820748652003373e-01,-9.113649200715289167e-01,1.000000000000000000e+00
-3.029380949535163681e-01,-4.706495928152776287e-01,1.644245142930945702e-01,3.557112815104054859e-01,-5.227175847985379153e-01,-6.856449581294562501e-01,-5.331723952057378924e-01,-7.548909173487891033e-01,8.426661139982780657e-01,8.960839790093377832e-01,-1.000000000000000000e+00
-9.101059566147823299e-01,7.900643901761957855e-01,-3.223743126966229777e-01,9.411749964191973294e-01,5.484807802258062637e-02,6.408585319481160392e-01,2.563285328462725499e-01,-8.709168169733542131e-01,4.408347927774146080e-01,6.742494553924260892e-01,-1.000000000000000000e+00
-7.833899155660084546e-01,-2.769365097931412723e-01,8.553930750786747916e-01,-1.617122573023294374e-01,-1.330577701688125114e-01,-7.880451993771141472e-01,1.523841181777845499e-01,-5.987460229307847159e-01,8.032831212403983567e-01,4.472824999411117441e-01,1.000000000000000000e+00
-2.456640034995906385e-01,5.321761338551073139e-01,-4.227330320036865596e-01,8.615984157936471544e-01,-5.063546500680503604e-01,3.010982343231504710e-01,-4.559082928948121061e-01,-7.217984335966880494e-01,-2.374719099603049000e-01,8.949573396841189465e-01,1.000000000000000000e+00
-6.203450194340053708e-02,3.635522087657621082e-01,5.997753919485105008e-03,9.403417401546810828e-01,-6.868113867392516836e-01,-6.848621496743962922e-01,1.099642173365223685e-01,-9.682152970210016196e-01,3.798434055261962206e-01,8.137795383819591555e-01,-1.000000000000000000e+00
-8.752824705308853703e-01,-8.780599408771492254e-01,-6.366709386482391486e-02,4.022388948854960927e-02,-5.410475266711697317e-01,-3.228120044493678620e-01,-6.102814421480299290e-01,-6.806658530990307154e-01,3.983897548694799173e-01,8.510096468343512077e-01,-1.000000000000000000e+00
3.861653582845903654e-01,-1.593538254001594656e-01,-1.265780363814232867e-01,6.292843770986843444e-01,1.608949355022706584e-01,-2.961697340104835208e-01,-4.634529054887681632e-01,-2.209372696889270182e-01,2.179951807574767031e-01,9.609646743638666777e-01,-1.000000000000000000e+00
-7.873842249150078132e-01,1.394013787438137530e-01,1.493763306268366398e-01,1.439551741344285429e-01,-6.937706165349001308e-01,6.045560940814762585e-01,-1.369470160027045635e-01,-1.772517292851417403e-01,4.974055841424002700e-01,9.754733273535280969e-01,1.000000000000000000e+00
-9.709537967373236267e-01,2.464787261714849187e-01,-1.690066910776628351e-01,3.925853284580039237e-01,-6.116438854001463588e-01,8.414839527623430016e-01,-5.036558650433862194e-01,-7.895720248370408090e-01,6.595139436232374530e-01,7.659507342861918699e-01,1.000000000000000000e+00
1.419695935546826659e-01,9.233175896100317415e-01,-2.225842710861591078e-01,9.181972375848834744e-01,-2.772097727904718201e-01,-1.813491140267572133e-01,-4.077708399359720737e-01,-9.662583388074648116e-01,2.125665072207262862e-01,-2.123625457306568820e-01,1.000000000000000000e+00
-2.447242206492773742e-01,-4.552302822249146841e-01,3.311021131883067903e-01,4.767332757479899596e-01,-7.562420662993880605e-01,-2.806195099298515183e-01,-4.833739125857676178e-01,-8.516059978954306775e-01,1.568913383395741934e-01,8.632404257869684683e-01,1.000000000000000000e+00
-9.186769447013105605e-01,-6.196013262999503501e-01,4.910438828943225475e-02,4.113005822408608014e-01,2.077982909110572818e-01,2.670357835040877981e-01,-1.591642730237926018e-01,-7.442735492140853948e-01,-5.045022043507076948e-01,7.313223811027125265e-01,-1.000000000000000000e+00
-8.784440062363392254e-01,-3.877658737158285462e-01,5.783218597230821434e-01,4.857777661999767016e-01,1.006263350409728752e-01,-5.785874959342262036e-01,1.055798538218385985e-01,-6.298609170706710447e-01,2.805406846652557795e-01,5.576391864302041590e-01,-1.000000000000000000e+00
-8.874673163544166687e-01,-4.387696816684161782e-01,5.461711728278008104e-01,4.885966480090947472e-01,1.226562364308872999e-01,-7.412368407096084355e-02,-1.653581377888851123e-01,-7.164702910312374939e-01,7.838602599095679802e-01,1.056949270211070963e-01,-1.000000000000000000e+00
-6.652971244805525597e-01,-3.313823376081030392e-01,5.961087537651262869e-01,3.453291643527505728e-01,5.515344261582537655e-01,-1.222364283629283760e-01,5.126509325819234020e-01,5.021296484432038465e-01,6.594254371925377667e-01,9.779436086280094420e-01,-1.000000000000000000e+00
-9.938917872761369177e-01,9.496549187955666271e-01,5.402770920961082884e-02,6.180577324272612527e-01,-7.609090054377919410e-01,7.971027946505214734e-01,-8.830912866558857099e-02,-9.403301991759988043e-01,8.479165160073907082e-01,-6.422191094662668132e-01,1.000000000000000000e+00
-8.327080744806198975e-01,9.122825600160345827e-01,6.619664056907403893e-01,-1.731858190204564607e-01,-7.866423987174993027e-01,-4.424836367842600038e-01,-5.267665397318294085e-01,-9.006549795968827876e-01,6.935095603145912113e-01,-2.378446348264290355e-01,1.000000000000000000e+00
7.125255087737619730e-01,2.229350552085857251e-01,-5.254728268208824771e-01,9.744975174045624744e-01,7.562345157591187084e-01,1.888773855980710459e-01,-1.791647425825159123e-01,-3.392593774436292176e-01,2.144082279467253785e-02,9.906849183006972703e-01,-1.000000000000000000e+00
3.148939585495019733e-01,-8.840481195921700008e-01,1.363429725363686507e-01,7.093069112334359216e-01,-2.966137394226606161e-01,1.434978267305377364e-01,-6.225061924276278358e-01,-6.972618647857187213e-01,9.291457155817347546e-01,8.532313118350913772e-01,-1.000000000000000000e+00
2.305503589569742606e-01,7.315269251510877480e-01,-1.466123774127656709e-01,8.715697707125219518e-01,6.269051712997123493e-01,3.995529294498275097e-01,6.532238374165605377e-01,-5.604819664002307356e-01,-5.748217744008757846e-01,9.550460371241464852e-01,-1.000000000000000000e+00
-8.962556227763240901e-01,-9.357306139732389783e-01,-5.296495040146605854e-02,-1.093357844364490905e-01,-3.726583846794994520e-02,3.458474680520521316e-01,-2.133033066964421798e-01,-6.602275568516798865e-01,-7.256677855550789369e-01,9.275528365803994424e-01,-1.000000000000000000e+00
3.414128531397247479e-01,9.904493071289706130e-01,-3.288229776197936216e-01,8.611331313167974733e-01,-7.480007602743278528e-02,-8.927277060652656360e-01,-6.311011373540336145e-01,-9.215815010783400263e-01,-1.161970220985700658e-01,4.282788624604453864e-01,1.000000000000000000e+00
1.595736662527408589e-01,7.083647266305006518e-01,-2.590417717881433046e-01,9.682810141456237307e-01,-9.192271238868471306e-01,-8.337823266372424991e-01,4.750854002042229074e-01,-9.920237003611287463e-01,3.997922868719118727e-01,7.560763062345022822e-01,-1.000000000000000000e+00
-2.339855613791967104e-01,4.682938568697618820e-01,-3.909953865875655937e-02,6.854609831265777720e-01,4.175725945604451539e-01,-6.081177764625189663e-01,-3.397243673057278035e-01,-8.082672849729125586e-01,4.340958009009118213e-01,8.136694707285661021e-01,-1.000000000000000000e+00
-9.411949338856812064e-01,-6.437621407327254186e-01,7.904227190890353860e-01,-5.165380275461414206e-01,-5.650510378443351911e-01,2.822253818816197191e-01,-3.754187346151351967e-01,-2.717814373216450585e-01,7.840085672805774397e-01,1.685629181988184955e-01,1.000000000000000000e+00
-8.319599893495773779e-01,6.413298061151775364e-01,1.801978522208118605e-01,5.417254393605578366e-01,-5.566270041638612387e-01,7.567003676822438019e-01,-4.607001256621562901e-01,-8.869834273399462843e-01,4.512334425005359861e-01,-3.402265947156410397e-01,1.000000000000000000e+00
1.369850495971962623e-01,-3.778662859130785256e-02,4.102769899072307158e-01,6.775856685365685417e-01,-4.506872298526135023e-01,-6.973410249607521205e-01,3.318531000015035315e-01,-6.593796770706006338e-01,-6.266869739550502416e-01,9.390897943162725969e-01,-1.000000000000000000e+00
-6.441313509743514798e-01,7.714388025240229707e-01,2.957875637608773922e-01,7.618581616967006198e-01,1.823576209257759539e-01,5.347018451349008217e-01,1.609387047110203417e-01,-4.163248213557155242e-01,7.575438600773340969e-01,8.522419899757015527e-01,1.000000000000000000e+00
-6.919329025826141955e-01,-4.073068713905808602e-01,-6.916688608517825854e-01,9.871409023899877511e-01,6.400829335864304248e-01,-4.459239278760473296e-03,-1.820561696847153021e-01,-8.526781414931752234e-01,-6.881321330013331350e-01,8.742440778847803129e-01,1.000000000000000000e+00
-9.257601660432686064e-01,-8.314280136036761304e-01,-4.195490610044471658e-01,7.734551639867986994e-01,-3.252604520795382426e-02,5.093986890611174045e-01,-4.510926554781967690e-01,-7.301782832471210849e-01,3.116224232597935573e-01,6.774677046661131685e-01,-1.000000000000000000e+00
-3.933571594966230878e-01,7.487727172420454158e-01,-5.806669444697865057e-01,8.598567854359053797e-01,4.418977410028797626e-01,-8.017966519461779129e-02,-6.783986831092502223e-01,-3.870732386914993439e-01,3.951895555034244945e-01,7.413057737293393679e-01,1.000000000000000000e+00
-9.443161722802012603e-01,3.743450502235536881e-01,3.232188383562100142e-01,7.215434208195730115e-01,-8.844717033974014431e-02,9.517010335462742221e-01,7.418215426119549871e-01,-7.883426154312326295e-01,6.179925821416262233e-01,7.331045560382476456e-01,-1.000000000000000000e+00
-9.788825725607227524e-01,-4.743798951019250754e-01,9.433489581486929065e-01,-8.943600539136089544e-01,-9.030650812052068988e-01,6.902714175375931904e-02,6.248059310510282183e-01,-4.577955982580054206e-01,6.438914706851460723e-01,6.296768678115585161e-01,-1.000000000000000000e+00
-5.868183591623135076e-01,-9.990869630649703570e-01,5.174505418451484928e-01,-2.731048810183971387e-01,4.960558435358264906e-01,4.572242505325417317e-01,-7.408044273934227819e-01,2.711820825021543646e-01,9.251963840123929028e-01,9.729102620811458380e-01,-1.000000000000000000e+00
-3.865255251497415334e-01,9.835402878063292942e-01,-4.473552743919697039e-01,9.852850116155852378e-01,2.085822780850769553e-01,8.025178763041922458e-01,6.234094933592668752e-01,-8.862193380202901816e-01,4.075658604362565329e-01,6.099156968925347755e-01,-1.000000000000000000e+00
3.931385902584696446e-01,1.195142923994784029e-01,1.152015283435167126e-01,9.374843227031454118e-01,3.628535981160861956e-01,-7.889590700185832306e-01,-7.682240622129109242e-02,-7.889154316332117611e-01,-4.424950380768513658e-01,7.333338066974107727e-01,-1.000000000000000000e+00
-6.525005304814027740e-01,-3.043229105815871138e-01,2.590798360067732009e-01,8.103346979944814343e-01,7.989246442627994105e-01,-2.366217767717891107e-01,-3.348662334802356977e-01,-4.816806851201690942e-01,3.441195918621684641e-02,5.094429108544956675e-01,-1.000000000000000000e+00
-5.076877863022547510e-01,9.199972187486284980e-01,-7.648098608507033491e-01,9.314741606777516836e-01,-8.420092109637028477e-01,8.843503959237327683e-01,-7.946814617746368603e-02,-9.394819135404589572e-01,-5.736637101809710648e-01,7.449028072221240970e-01,-1.000000000000000000e+00
-5.978555091006952926e-01,-6.113868723239181957e-01,3.829273149886098238e-01,5.923062253392176180e-01,6.274315491985797966e-01,8.553485446425443950e-01,6.868614914772148694e-01,-1.839480040128049429e-02,7.205277852663672933e-01,9.266537733987075809e-01,-1.000000000000000000e+00
-7.689320400180318371e-01,-9.177052344590500566e-01,-2.045020979043843737e-02,9.391090375271515800e-01,6.843176584121114514e-01,5.742949434901678529e-01,8.045701702831024871e-02,-4.535040155850353361e-01,8.074366199337563721e-01,8.424732127730927278e-01,-1.000000000000000000e+00
-9.450536095275069437e-01,9.665029975604976231e-01,-2.306768998437557644e-02,8.567638169531751613e-01,-8.594179521364178065e-01,4.711980592053605088e-01,-3.952044945778920293e-01,-9.860247912522983604e-01,8.919654321216683446e-01,-9.023619470516054397e-01,1.000000000000000000e+00
4.663880789803726001e-01,-4.445304646223739997e-01,7.318550357332839207e-01,-2.127483729129936996e-01,-7.009623888441491868e-01,-9.092908607985932257e-01,-5.483803002453512265e-01,-5.912273320476887362e-01,3.472057149358019346e-01,5.498144299770858501e-01,-1.000000000000000000e+00
-2.748879873367357507e-01,-1.733700269860288246e-01,4.226384628911172836e-02,1.871358586320863715e-01,-1.204079635751268695e-01,-7.985372091507703107e-01,-8.299182495299636253e-01,-1.959448489562452267e-01,6.439742184425923943e-01,9.756157460045240537e-01,1.000000000000000000e+00
-4.777685068968457460e-01,8.720731915942243617e-01,6.455516212226030115e-01,2.235800281519589594e-01,-8.667108292612942799e-01,-8.244769107476881409e-01,3.906245355819436549e-01,-8.885601798703236520e-01,4.064590956379809938e-01,7.444465241015516543e-01,1.000000000000000000e+00
-6.248807133163236660e-01,-9.855305686685623678e-01,2.702638638686188921e-01,8.519872229285324616e-01,-7.979681501623511752e-02,1.675274701706352121e-01,-6.211839386272982599e-01,-8.147917799401599437e-01,8.683493395729525721e-01,5.923914801727163670e-01,-1.000000000000000000e+00
-9.490888328277520269e-01,8.464113383577376304e-01,-1.626889116003811808e-01,9.319235297365390247e-01,-9.791236596268717562e-01,9.305725110967605351e-01,5.052401649171964770e-01,-9.946091303079404033e-01,-2.906165447206593977e-01,-5.235516933411918927e-01,1.000000000000000000e+00
-8.056016628034669003e-01,7.496396468986239459e-01,-3.306350836339659871e-01,9.288854249738326407e-01,-8.100444737912793070e-01,7.254538958784773062e-01,-2.960951791195879923e-01,-9.264426151821808508e-01,5.121177275022246178e-01,3.553711223508662642e-01,1.000000000000000000e+00
-8.686051204698405082e-01,-2.702490384927637157e-01,5.118898528813035087e-01,1.847556666429297501e-01,2.370166052851375646e-02,-2.474160948024571871e-01,3.961832540724265217e-02,-2.066254853449491780e-01,7.824123926608436141e-01,8.696409907139232009e-01,1.000000000000000000e+00
-2.222709902441386831e-01,-5.032271647694300798e-01,7.702306507738930497e-02,9.500267304920979594e-01,-6.700146402867143691e-02,-2.609575582916593417e-01,7.408860356560748039e-01,-6.210834519444402568e-01,5.391451711429213756e-01,9.517317905878847073e-01,-1.000000000000000000e+00
4.961610186411396367e-02,7.868716174427727861e-01,-1.161691853908527750e-01,8.298799308896745996e-01,-2.587587187213667428e-01,-3.353964809243760725e-01,2.701667775816176675e-01,-6.976315472137162299e-01,5.827553683671089779e-02,9.263311406983418816e-01,-1.000000000000000000e+00
-7.774090463211670299e-01,-6.228826686503632221e-02,2.508349374260805953e-01,9.866645951295662798e-01,-4.567852385707515395e-01,4.140711346733775278e-01,8.668120864175308249e-01,-8.841084730422356097e-01,4.141366679505930071e-01,2.686903545921505154e-01,1.000000000000000000e+00
-4.300686674028255663e-01,-8.113208071272168809e-01,2.189947925186302713e-01,6.065391887417280747e-01,-8.491915940277866559e-02,4.127246080184016064e-01,-4.572621585780977105e-01,-4.345877631338918579e-01,7.001248818360298332e-01,8.598247855598259992e-01,-1.000000000000000000e+00
-9.726534148109787781e-01,5.667358263539793439e-01,4.368104323491485697e-01,-4.129050900185274875e-01,-8.437039549803868610e-01,8.120006139858038097e-01,-6.979508176752642346e-01,-7.570910738159891684e-01,6.080906057054895619e-01,1.571224049016418933e-01,1.000000000000000000e+00
-2.545572713191882608e-01,9.675406027310536894e-01,2.599168192123063603e-01,9.436037667952815733e-01,-5.104502283135634588e-01,-8.516333909222094656e-01,8.347049318581003519e-01,-8.270761907001430435e-01,-1.326832475001500922e-01,8.465109380020930940e-01,-1.000000000000000000e+00
4.937281983513487349e-01,9.864329882681647232e-01,-2.570202582968599825e-01,8.365817734954713591e-01,-6.261067488114724355e-01,-4.975488336583061555e-01,-5.242534195923398421e-01,-6.388283382705021163e-01,3.317829648480000171e-01,9.450509898422304600e-01,1.000000000000000000e+00
-4.467511466923592134e-01,1.892351036772393080e-01,-2.911773108137208355e-01,8.307579669985030169e-01,4.458574067044476230e-01,7.872362460029259656e-01,-1.275483112966738775e-01,-1.293895770075640106e-01,1.528893138508827521e-01,9.411811116921592335e-01,-1.000000000000000000e+00
-9.775736583732962393e-01,-9.415204882121734897e-01,4.359846360005162902e-01,-1.525635901704676112e-01,7.902218308888188381e-02,1.276380075802774905e-01,-5.963609661036211457e-02,-1.631904138176724917e-01,8.617982809075395156e-01,8.240519110976893824e-01,-1.000000000000000000e+00
-4.276495497381401223e-01,-6.404212855387492187e-01,3.842959470775246800e-01,-1.609425738157289343e-01,5.390113636458024882e-01,9.541753488197290967e-01,-2.960749201954900878e-01,7.639991695223719015e-01,3.809028498432547871e-01,9.473147364992765551e-01,-1.000000000000000000e+00
3.851895616310288539e-01,-4.824799581442881236e-01,1.592239094791352561e-01,5.005183238753762032e-01,5.422071677788460609e-02,-9.628416099137135920e-01,-7.837095103776363647e-01,-7.449521003119377038e-01,6.004456525443174764e-01,8.625737700332999358e-01,1.000000000000000000e+00
-3.868940018181478702e-01,6.633466900149146417e-01,8.446668962079022513e-01,7.484820916938591528e-01,-7.109306294408773708e-01,-8.425812176420538480e-01,8.538639303463800845e-01,-5.913126574228185772e-01,9.727966639158097673e-01,6.957329412456173534e-01,-1.000000000000000000e+00
-7.184910457657885940e-01,9.470385698534802277e-01,-3.888721822941246797e-01,9.748326497548975844e-01,-6.741845333905703841e-01,7.821294055178157345e-01,3.389566698571493397e-01,-9.890965906974684696e-01,-7.768629776879186766e-01,-9.402044205469084481e-03,1.000000000000000000e+00
-9.720719829472267426e-01,-8.028860338397995067e-01,-3.934490254528459907e-01,6.649529139698950875e-01,-6.255696676243321930e-02,9.450430042785223916e-01,9.823571539864962843e-02,-6.927851495336981857e-01,4.268762268352747635e-01,5.738181647983081612e-01,-1.000000000000000000e+00
2.279867384166994748e-01,9.046131590394576039e-01,-4.563882549112036613e-01,9.277254249543464004e-01,-6.178874809183483308e-01,-9.722206694371969826e-01,-4.546573270023313018e-01,-9.762035422938155627e-01,-7.672210175727268711e-01,4.605989617001517988e-01,1.000000000000000000e+00
6.780855689369154060e-01,9.590840491794880851e-01,-9.970874015533540136e-02,8.323366706299447637e-01,-9.326407287741139696e-01,-6.975837825241480994e-01,-3.445372908485307972e-01,-9.574179570471641476e-01,1.080017979748827336e-02,8.947270375443647783e-01,1.000000000000000000e+00
-9.768314987645883019e-01,6.840659485818522123e-01,2.118330257623197987e-01,1.627415296914257736e-01,-9.664039020339519892e-01,7.173250331047719142e-01,2.840052349515606589e-01,-8.654104108423145147e-01,4.422029336201005467e-01,8.600408456253849643e-01,1.000000000000000000e+00
-2.436894328751316730e-01,-6.532855211519227323e-01,-8.253480845900907914e-01,9.557994967039897816e-01,-4.054905263453149611e-01,4.443824970567131216e-01,-7.182997620664635097e-01,-9.505486152109301479e-01,-5.992846931834159285e-01,9.688186856695513161e-01,-1.000000000000000000e+00
8.618391285793726153e-01,4.885285739090907131e-01,-1.887281263482132598e-01,9.472665561476968366e-01,-1.818336808120846748e-01,-2.997436671631913407e-01,6.921988407767114548e-01,-2.226277209897560561e-01,-4.755087502983615932e-01,9.987820533987162852e-01,-1.000000000000000000e+00
-6.479010197656145387e-01,9.624137398721219760e-01,1.831442831386060829e-02,8.704418402189637582e-01,-8.729195768274643497e-01,7.438517697635584902e-01,5.609296897643198943e-01,-8.649293859226448999e-01,6.276693594364976536e-02,9.152082538118538890e-01,1.000000000000000000e+00
-8.491479056958127769e-01,1.447533952658939804e-01,6.010145567231987007e-01,3.540843792343625340e-01,-8.119914067764125720e-01,2.111079977402812724e-01,6.133681165015815173e-01,-9.165386390216988532e-01,-6.872052535673841556e-01,2.867737508092780274e-01,-1.000000000000000000e+00
-8.760099884471131415e-02,6.181837972153539917e-01,9.477512714264207938e-02,8.821766762961518182e-01,-5.032732404944718629e-01,1.393216009623964025e-01,-5.104551799036833870e-01,-9.409537105939226320e-01,5.399773217700863936e-01,6.951263496846945555e-01,1.000000000000000000e+00
-5.008292057526355645e-01,-9.502122706145744724e-01,-4.065838602997726703e-01,6.142917088812109849e-01,8.912609560228806904e-01,8.261135534528313284e-01,-1.960045178882124373e-01,6.486972997985066547e-01,-7.457024163718131149e-01,9.918454241736477384e-01,-1.000000000000000000e+00
-6.940347668531129388e-01,-5.772153270629913902e-01,-6.283008333963446823e-02,9.534199942088238400e-01,9.369261438275098275e-01,4.214317124532014902e-01,6.332776897448120224e-01,1.312156149458302279e-01,2.398127494462836684e-01,8.289750061642393586e-01,-1.000000000000000000e+00
-8.936162057673592285e-01,7.342933939109684838e-01,3.830164046726310945e-01,5.191091680161138422e-01,-8.454447392714128928e-02,-2.714921431033808785e-01,3.953488790119534801e-01,-7.379837209555075717e-01,3.698495185229030424e-01,2.345458460503634934e-01,-1.000000000000000000e+00
9.096285916397160998e-01,9.690735431113135512e-01,-8.256329840279361676e-01,9.945597547844727826e-01,5.309872645139018799e-01,7.011929813968057479e-01,-2.502379655267541469e-01,-9.688461890189073999e-01,1.558295239431211655e-02,5.083227389973286048e-01,-1.000000000000000000e+00
4.172055427289709240e-01,-4.835168938775585845e-01,1.898566043499851363e-01,5.221430372795695662e-01,4.317248969658327717e-01,5.955819053791322482e-01,-4.513804663142101381e-01,-4.174952849243696029e-01,-1.932054324684210900e-01,7.524720620528356774e-01,-1.000000000000000000e+00
2.447065534212505555e-01,3.900825039593702193e-01,-5.787968414356174929e-01,9.135138749245633738e-01,6.302230630413426793e-01,-3.586411673819911994e-01,1.255838560403238144e-02,-1.724575214639232912e-01,-4.392699901631794690e-01,9.735277111339704081e-01,-1.000000000000000000e+00
-9.397953764911729513e-01,-8.130441036972706481e-01,6.710779250480520819e-01,1.393465889037687547e-02,-4.414194001871317719e-01,-5.643664144865240262e-01,-7.661311663404594130e-01,-9.312846190872621222e-01,9.552237818123191504e-01,-6.009985029326964101e-01,-1.000000000000000000e+00
-9.443486385307773290e-01,2.596851732579854022e-01,-4.933653798148474739e-02,9.358547663191429944e-01,-6.360894301777106352e-02,8.517544999723893895e-01,4.050916536969956239e-01,-8.018033079645566774e-01,8.162429073462906803e-01,3.910338239403687854e-01,1.000000000000000000e+00
-8.563326091461623824e-01,9.604167190446678548e-01,4.415455388359344757e-02,9.704446962828773282e-01,-4.562373823980557519e-02,-4.730172334395478795e-01,6.234371313252001778e-01,-9.804249366108653829e-01,1.845363583575219679e-01,-4.350374133163776857e-01,-1.000000000000000000e+00
-8.376515536817095153e-01,-8.767877060848573434e-01,9.413815821995309419e-01,-6.209068152384460415e-01,-9.178203462031406801e-01,-8.175207369519216227e-01,-4.148395379351297318e-01,-6.529310728316986001e-01,9.748975540684197139e-01,2.730023486050654480e-01,1.000000000000000000e+00
6.855904153150319535e-01,2.021185756138355882e-01,9.208452848645667377e-01,-6.105667415514237639e-01,8.804555125065437471e-01,-9.084413308695561406e-01,-2.273157848009750570e-01,9.309564765081054238e-01,8.352863916068401506e-01,9.819317569926706568e-01,-1.000000000000000000e+00
-9.832284776885943378e-01,-6.869849150724209874e-01,1.179559379792251284e-01,-4.350137065011173143e-01,7.430978655465767524e-01,2.276565936049154970e-01,-8.943075120359738062e-01,3.315909580986892702e-01,7.128292995924080389e-01,3.243019670998091297e-01,1.000000000000000000e+00
-7.347066542152244084e-01,9.759928620041411484e-01,-1.043018708210284168e-01,9.053836685752872926e-01,-8.168159855509733447e-01,7.327903408118016104e-01,3.071014937945827916e-01,-9.451190791641163047e-01,2.480738716304613234e-01,3.706124819584062369e-01,1.000000000000000000e+00
-8.955660583184270607e-01,1.011592788976048846e-01,3.389765447320209901e-01,8.730004393724206668e-01,-6.742934684127704914e-01,-2.592189709528891495e-01,5.719442402495787947e-01,-8.465794983963844667e-01,7.843169033237537002e-01,7.839285006122089783e-01,1.000000000000000000e+00
-4.562214884819231764e-01,2.942649532606199658e-01,1.599745999791623297e-01,9.040016281350372607e-01,-8.639297863537890310e-01,2.608633603851819305e-01,-4.346704420154506865e-01,-9.801715629046858780e-01,5.357941615005124003e-01,1.504017924159083974e-01,1.000000000000000000e+00
-8.527219177524936189e-01,8.493697081501453416e-01,5.223813123028825389e-01,2.022031151454238562e-01,-9.477142491637040589e-01,-7.991404060009382748e-01,1.930570766613853295e-01,-9.202989609315160857e-01,5.548515571053823370e-02,8.857862074275230091e-01,1.000000000000000000e+00
1.348072829597437017e-01,9.639496827093416709e-01,-7.539231596540509894e-01,9.556639302551620530e-01,-9.141222348045462409e-01,2.134202457049202417e-01,2.343287363853122085e-01,-8.904189387635383923e-01,-2.986436615320297583e-01,9.907676319139279153e-01,1.000000000000000000e+00
-9.615501611614600819e-01,-9.525748334376158422e-01,9.531710252664621352e-01,-3.968011771949747080e-01,7.292990098920331121e-01,2.795994483292681965e-01,7.403934372137984665e-01,6.676073474826359488e-01,8.444420147219998674e-01,6.970874843506456031e-01,-1.000000000000000000e+00
-9.735834435197707748e-01,-5.572994491833256347e-01,1.909697795799581987e-01,3.931813850053264559e-01,-8.240338817497095958e-01,4.365112291283593793e-01,-6.811159802633529048e-02,-8.272829473252937271e-01,7.862503277507546517e-01,9.116523995325420682e-01,1.000000000000000000e+00
-9.765372456707296367e-01,2.973508300973289054e-02,-3.869328537586281813e-01,8.865356537750689325e-01,-9.523016236785823985e-01,9.565995282861831095e-01,-1.889137200917373471e-01,-9.858082634806557554e-01,7.898976204403970192e-01,1.514234948350879533e-03,1.000000000000000000e+00
-9.801574449172826276e-01,-5.213457141051560662e-01,1.952919304352705165e-01,-3.611051512174518474e-01,-3.235098376600502590e-01,4.235187228505119528e-01,-4.330867552880062754e-01,-5.946801282244850162e-01,-3.511128580155758461e-01,7.969915238250113720e-01,1.000000000000000000e+00
-6.591944261076092548e-01,-4.926362799497057132e-01,9.165526211824375213e-01,-5.863499814916627306e-01,-7.809423191812495668e-01,-8.330058620405975667e-01,-1.257388423204291172e-01,-6.021868542809113434e-01,7.774583817556630638e-01,2.705520822964768146e-01,1.000000000000000000e+00
-5.532096337479798231e-01,6.872693030011576276e-01,-3.015522007510832436e-01,9.363567796320554359e-01,-7.658764206260559870e-01,8.332802663796646803e-01,3.545814211195662535e-01,-9.410209546356966825e-01,3.178260501791946857e-01,8.976341796951806673e-01,1.000000000000000000e+00
-9.912960917363790037e-01,-5.901335563318308441e-01,3.922622682563915997e-01,2.416352668403380366e-01,-9.514701090974326814e-01,4.473953906933668678e-01,-2.830775190774811878e-02,-8.992149418242697534e-01,7.235178585704501453e-01,7.310465340708554027e-01,1.000000000000000000e+00
-8.629202670934423836e-01,-8.380541720406105011e-01,8.003303582700264096e-01,-3.704445528443144897e-01,-4.432826074721296639e-01,5.900097444937553171e-01,1.304060313708121643e-01,6.728204547379414979e-01,9.170530937120218162e-01,9.886359662328986220e-01,1.000000000000000000e+00
-9.086227404851834333e-01,-1.366917702066008100e-01,5.039132017555746357e-01,7.460196164779077099e-01,-7.601729557197497433e-01,-9.710077771121554679e-01,-4.332100478692029188e-01,-9.909360686255649364e-01,7.962088857117600726e-01,-4.776787713786705969e-01,1.000000000000000000e+00
-9.833414841099267223e-01,-4.811674827389006426e-01,2.723142278713441278e-01,1.796715742100947200e-01,9.444979848986456705e-02,5.597327640963215556e-01,-4.635368939754540563e-01,-8.527480622453763592e-01,8.432166677118546616e-01,-4.960656519159272748e-01,1.000000000000000000e+00
-3.754378662778778408e-01,-8.243162449380764256e-01,6.396484640266815180e-01,-3.807814698472042347e-02,-8.290453362151912753e-01,-9.553695639840041887e-01,1.236835873489164350e-01,-5.543702286567578907e-01,3.133294928398542289e-01,9.953701375959570496e-01,1.000000000000000000e+00
-8.414765576170829542e-01,3.614025123668813677e-01,8.949074161332537525e-02,6.734893964007906408e-01,-5.456176500337283075e-01,-1.104921952059738643e-01,-6.997046633366121871e-02,-8.459202036563698845e-01,-6.758553227357402271e-01,6.312032985917696015e-01,1.000000000000000000e+00
-9.888490621941481429e-01,5.693493734081813695e-01,2.427458622287592960e-01,2.665794909294025294e-01,-2.648408138648907784e-01,7.411529184271112847e-01,5.513772276487318713e-01,-8.410533540278865017e-01,-6.442998525106857777e-01,3.235251151601941655e-01,-1.000000000000000000e+00
-7.770208658165393967e-01,-1.234892340061125721e-01,4.410156984854843865e-01,-1.130613120873535798e-01,-3.488463136187634483e-01,8.484236720668997256e-01,-3.478164667042582536e-01,-1.476167955570177881e-01,2.379026602800208001e-01,7.116920491515972280e-01,1.000000000000000000e+00
-8.704585421349846364e-01,5.634074341149899467e-01,5.459731328918937532e-01,7.755605581645315105e-01,-9.327015862880067010e-01,-3.932090636281692086e-01,1.658508196667965104e-02,-9.881463282045701568e-01,8.628611324882922151e-01,-7.136608673467706998e-01,1.000000000000000000e+00
-7.398491705588640110e-01,-9.741531308520539056e-01,-3.004082488361587422e-01,2.313948645625492628e-01,9.597771281130801357e-01,7.680146499205258159e-01,-7.917201194916980711e-01,6.722864174636599133e-01,1.198443339170792155e-01,8.807588655293348001e-01,-1.000000000000000000e+00
-9.676632377647625960e-01,9.391069245845118374e-01,-4.788978049573117679e-01,8.649526998166029435e-01,-8.949066346385570192e-01,9.082322631128677548e-01,7.865768264892851469e-02,-8.600408113915807284e-01,8.331220866612860654e-01,4.440816611811089221e-01,1.000000000000000000e+00
-8.613572014084703854e-01,-2.161030073917577232e-01,5.266499913067733685e-01,-5.237854231425616014e-01,-8.371682310291742590e-01,-5.088633976656714575e-01,-2.657605915286831988e-01,-6.218749266498724282e-01,-2.088958970104972668e-01,8.622673157192393134e-01,1.000000000000000000e+00
-8.865616736215815585e-01,2.853287049538665715e-02,4.142486675414989161e-01,9.775117194457566550e-01,5.320248143036305777e-01,9.808373365227187612e-01,6.875595302682604437e-01,-8.517713511076365762e-01,2.446540860475386325e-01,-6.700173646517093573e-01,-1.000000000000000000e+00
-8.696525676764725876e-01,2.980406605530057651e-01,4.819545946344190590e-02,6.314082825737659110e-01,-2.257734419943230597e-01,4.924571833489512218e-01,-7.128566179228273958e-02,-6.153894522995925209e-01,-1.471095945046258235e-01,8.217665907477998966e-01,1.000000000000000000e+00
-9.840809111087017724e-01,-4.946901968847366438e-01,2.921634926056804193e-01,6.352608418729737139e-01,-5.578230235081000910e-01,6.738175857816960379e-01,5.907024377457056330e-01,-6.222479668916590656e-01,8.463316989451312722e-01,7.469258649217491719e-01,1.000000000000000000e+00
-3.083268360995338742e-01,7.528276720258967325e-01,-1.085237176786878616e-01,9.634756048666249795e-01,-9.893305996147739867e-01,6.528140708253484803e-01,6.944325916926175069e-01,-9.815951256459112262e-01,4.560115395993880050e-01,8.659434971106462209e-01,-1.000000000000000000e+00
-5.867564488113355958e-01,3.063806637305545588e-01,-1.526134482728305763e-01,8.657020087910909378e-01,-9.090257013124620755e-01,-4.131304408050188309e-02,-2.508655687214780272e-01,-9.467743998664953642e-01,8.773794590248183978e-01,6.105297949003573033e-01,1.000000000000000000e+00
-9.581150737404809936e-01,-3.970162536822277044e-01,2.499763954688620782e-01,-1.412539298079351080e-01,5.911036265082689756e-01,1.084864934432516054e-01,-3.408685349449953050e-01,2.139643190567400988e-01,9.401270577404247097e-01,7.939019300658582967e-01,1.000000000000000000e+00
-8.082090641148296228e-01,-2.603058681097743521e-01,-4.765729200438409419e-01,8.522385751570037415e-01,-7.429040659538423963e-01,2.318230855957101599e-01,-5.450939243943068169e-01,-8.976647605074795644e-01,6.434525841547455993e-01,8.257893974905810008e-01,1.000000000000000000e+00
-7.482998505395221933e-01,2.081416121997400337e-01,6.226622829827531680e-01,5.961357142498322492e-01,-6.307872467225658086e-01,-6.478458479938623005e-02,3.259034582594078078e-01,-6.285224583221992178e-01,8.260984314160383368e-01,4.789773606783362392e-01,1.000000000000000000e+00
-7.667145120193374908e-01,-2.251715949645868298e-01,-6.351282230021664255e-01,6.082204895587514093e-01,-4.173586684908064948e-01,9.702193470102833395e-01,-6.796599180983650124e-01,-4.930441084094825954e-01,2.707486824244842993e-01,9.552867979997021752e-01,-1.000000000000000000e+00
-8.212348588320962373e-01,-3.391228631204402655e-01,2.297506170316678531e-01,-3.659189923950038198e-02,7.431352995836064679e-01,9.862177859059336749e-01,-2.305292059761275270e-01,6.929369464198963380e-01,6.748018101945654212e-01,9.499495627461402858e-01,-1.000000000000000000e+00
-9.262848735685892398e-01,-6.983351210454295799e-02,7.689517943811640110e-01,3.452335756478353695e-02,-9.258537113059693846e-01,-4.547739224223247834e-01,1.347077146801007597e-01,-6.509438133318119490e-01,7.500961953034354091e-01,7.171675324481768810e-01,1.000000000000000000e+00
-1.811144635897309063e-01,-8.389733461995354524e-01,3.943806250504945377e-01,-9.823370322142015165e-02,4.474733119449514351e-01,6.173572612706320628e-01,3.365063309913809975e-02,2.698213258040650375e-01,3.144421756286809311e-01,9.298167992802054416e-01,-1.000000000000000000e+00
-8.865353851899476778e-01,-5.589568077232173748e-02,5.700352248405060607e-01,6.605830200580584677e-01,-3.294257329014765867e-01,-2.974142852867501796e-01,6.378801914002707463e-01,-7.441096967903012560e-01,9.233184466151419523e-01,2.758511422786325551e-01,-1.000000000000000000e+00
-9.852322896775709271e-01,9.238109138687459199e-01,3.911308601170257471e-01,5.544178669900223788e-01,-8.563702342999642836e-01,8.942105318434691030e-01,1.866115751181445515e-01,-8.083675613964912410e-01,9.663037733885870839e-01,2.095989055802433276e-01,1.000000000000000000e+00
-1.388299263328342248e-01,5.329951283537250895e-01,2.014865013980255970e-01,8.638604992894290957e-01,-1.140671656585748872e-01,-5.992225726777965500e-01,-7.173690262663455497e-02,-8.272437523590383535e-01,7.453007598493512909e-01,7.885430964930374431e-01,-1.000000000000000000e+00
-7.084787955532804160e-01,-5.219957758781671453e-01,6.981745971515409543e-01,2.443211697315718356e-01,4.312693818622043151e-01,5.936196673465506946e-01,1.771138226425296447e-01,3.358762469216765023e-01,8.969391433100684097e-01,8.723024625548657651e-01,-1.000000000000000000e+00
-9.814052583052157441e-01,-7.499422357769012226e-01,6.453142942623312228e-01,-1.292623061107571990e-02,-6.963850352894408458e-01,9.514212104319696994e-01,4.264899492883559295e-01,-1.082210022318227764e-02,6.954675355409239978e-01,8.497505996113933202e-01,1.000000000000000000e+00
-7.557287321814692982e-01,1.120218110512895965e-01,1.000219988947487343e-01,3.383098333801186075e-01,5.628218950517238639e-01,-6.132313992700655358e-01,-4.245217843859897533e-01,-1.431859288496230009e-01,8.294244638089888211e-01,9.449723786472538078e-01,1.000000000000000000e+00
-9.432231618432606046e-01,-2.274043187580649383e-01,4.693880169514979550e-01,-2.887400899275751054e-01,-6.122139747234416757e-02,5.879746617770146289e-01,2.017707348014663449e-01,-6.254548056098968578e-02,7.588655227073773379e-02,8.568253985429623576e-01,-1.000000000000000000e+00
-7.291829389255694016e-01,-6.605954477227738986e-01,1.230771892089251723e-01,6.564507873695522022e-01,8.496546334385899346e-01,-2.937289395959278293e-01,-3.067271718794042368e-01,3.202018603777784939e-02,2.726306114194304575e-01,8.326725865521482639e-01,-1.000000000000000000e+00
-9.703772503555774254e-01,-3.137986112022961849e-01,6.851436514280855317e-01,-1.371935997342906555e-01,-9.231758536033014551e-01,5.892508212186982064e-01,2.310664186255895480e-01,-8.094965936951242780e-01,1.364008558669754442e-03,4.544556874382011946e-01,1.000000000000000000e+00
-9.425406858800149390e-01,9.727998460150802940e-01,-4.506270324025567486e-01,8.764203416742175623e-01,-2.268793414844236245e-01,3.602217062060449893e-01,6.656918834479518265e-01,-5.634334930430436872e-01,2.883584267000797730e-01,9.656126355099067249e-01,1.000000000000000000e+00
1.827086810474514156e-01,-2.867367533316033112e-01,-1.951104097972519158e-01,9.686037864798271446e-01,5.440524435408516934e-02,-2.448197559484060482e-01,3.413536223187573632e-02,-8.619651675501251997e-01,4.584955134265215060e-01,8.677769061994503597e-01,-1.000000000000000000e+00
-7.112717539534102462e-01,4.784317776424330537e-01,-1.818117601622454005e-01,7.771665806168117641e-01,-9.530368597295225674e-01,-1.224828688871716781e-01,-2.635010895230325834e-01,-9.736036552951294887e-01,2.113486869709148563e-01,4.927322604695617003e-01,1.000000000000000000e+00
-8.893321707971254542e-01,7.580297179978034983e-01,-2.940201563617115821e-01,9.390893582397107364e-01,-8.767695038016359854e-01,-4.073707618392300445e-01,1.768013735044557388e-01,-9.744151885949285941e-01,4.342191472230430005e-01,5.488432114152964614e-01,1.000000000000000000e+00
-5.884241744632463522e-01,9.774699035885355825e-01,-5.828184513471212913e-01,9.561581202306975724e-01,-8.780530155145728211e-01,-4.609036878765481182e-01,-1.103740285362682372e-01,-9.785828817299003779e-01,7.365150540668427004e-01,4.906466187325905781e-01,-1.000000000000000000e+00
-6.017514977368547680e-01,-2.500055044560003936e-01,3.467101933940912040e-01,3.341841694800428697e-01,7.836397198256221941e-01,-8.803277297442503313e-01,-3.757273204039753012e-02,-1.165085422688702660e-01,5.870042190278313976e-01,8.568122343187295487e-01,-1.000000000000000000e+00
-9.445253139007530052e-01,-9.231242024688491865e-01,3.849149532103531279e-01,2.035081021978502325e-01,-5.703476270675975623e-01,7.402840828777765836e-01,-6.235204081651711805e-01,-8.988581297995859032e-01,5.379246724679150882e-01,-5.124381151160471992e-01,1.000000000000000000e+00
-6.093257685335848883e-01,-5.043535834666900142e-01,3.768526197876704842e-01,7.935115810346156096e-01,-5.383119554946469432e-01,4.255448879406169560e-01,1.512063041726991602e-02,-8.650948852159793256e-01,5.427404034623146689e-01,3.467472308619410359e-01,-1.000000000000000000e+00
-8.397748541119035570e-01,-9.795000184885049865e-01,2.333886020521628857e-01,9.315283457281592350e-01,9.865639500857359412e-01,-3.644151742452431675e-01,3.215678426763555198e-01,-2.738626417818694203e-01,6.748205853639523966e-01,4.259077739947963459e-01,-1.000000000000000000e+00
-9.886929081982989143e-01,9.342040742287356370e-01,2.938312285866014895e-01,6.712719278238936660e-01,-4.488768262755727378e-01,3.393890859862468412e-01,7.047156838241157573e-01,-8.653949497832043036e-01,7.987287304986756542e-01,1.152334619919517661e-01,1.000000000000000000e+00
7.128898464012726199e-01,-2.075318234474633483e-01,8.531250497729629956e-01,-2.790297744100858623e-01,-4.611823557715429844e-01,-9.274354951527845614e-01,2.771064170784137692e-01,5.652850513114318076e-01,2.644753819331613909e-01,9.935151118645860757e-01,1.000000000000000000e+00
1.538665061440761504e-02,9.052051979126667369e-01,-7.263608791695487232e-01,9.946279986014479046e-01,-4.987894691959342541e-01,6.740785730586809077e-01,4.574725418547291311e-01,-9.557894547549656838e-01,-3.155838588065049133e-01,9.459772368637141549e-01,-1.000000000000000000e+00
-9.620718441133410126e-01,-3.128641533478382364e-02,3.644546743154850610e-01,8.343908839045353076e-01,-8.971118457677906832e-01,6.914185862116949410e-01,5.523400046103941197e-01,-8.529081347537337265e-01,9.441590438659873685e-01,2.644828299889770973e-01,1.000000000000000000e+00
-6.390916312519308307e-02,4.114715924569579686e-01,1.112123003399868859e-01,-1.431176570129957248e-01,1.096651983383613305e-01,4.243212145157546078e-02,-4.821475696456382076e-01,-3.239534180533721885e-01,2.969655014439078269e-02,9.373985183008345379e-01,1.000000000000000000e+00
-9.669853880781680289e-01,7.909460967691574543e-03,3.607971773189469489e-01,1.349214805424967523e-01,-5.977148485793088994e-01,7.532426637953495430e-01,1.171730632578047993e-01,-2.046084398672514681e-01,8.770427125301666349e-01,8.022442979183368461e-01,1.000000000000000000e+00
-9.697734134138018547e-01,-4.894537819178575999e-01,3.265832454870425394e-01,-4.075409521029507709e-01,7.747342763446168901e-01,6.382455659556474092e-01,-8.743844055897079803e-01,-3.267333637440218985e-01,8.725004511171787769e-01,-5.132940678689594804e-01,1.000000000000000000e+00
-8.714277435102227853e-01,9.866779997398281710e-01,-2.816248226077210370e-01,8.891185572657323011e-01,-9.567289970192156545e-01,-6.554373030792322308e-03,6.802728010938023928e-01,-9.731055018963599146e-01,-3.567540683279931124e-01,7.528773737375522579e-01,1.000000000000000000e+00
-3.999203273521091950e-01,7.178474472787241822e-01,7.624700407758817633e-01,7.794899778990976857e-01,-9.334032987383626967e-01,-9.571806869677932372e-01,7.446052536806234690e-01,-9.793920538908176265e-01,-1.135032804309608900e-01,6.933033572296936065e-01,1.000000000000000000e+00
-9.635325278466777554e-01,-7.838334301886438205e-01,5.303220205568254242e-01,2.561739295709864472e-01,-8.201812321278559859e-01,9.768521549315632990e-01,6.939346351951861669e-01,-5.016430462884592378e-01,6.244181104861314946e-01,9.268525104479715671e-01,-1.000000000000000000e+00
-8.790204843597179130e-01,-3.810173209849105486e-02,2.941922124835530394e-01,6.745340883688835110e-01,-1.864828534562626774e-02,-1.772274663477139411e-01,-2.640034508315358130e-01,-9.374538982358783246e-01,1.583476451468380369e-02,-6.086035396853398671e-01,1.000000000000000000e+00
-8.476026474165249125e-01,-4.898210453350330118e-01,7.008069292750800372e-01,5.573319092614401754e-02,-6.742809477412150532e-01,-8.922298631264968805e-01,1.181806451012755721e-01,-9.278823707830686773e-01,-2.109928889363671123e-01,5.250224186929900588e-02,-1.000000000000000000e+00
-1.922139052540230708e-01,2.278404045724670424e-01,-3.963437077039751455e-01,8.610762062150039142e-01,-3.812199378915288039e-01,-2.639902024519724111e-01,-4.336174993524165577e-01,-9.058282568256692535e-01,-3.572795864263467180e-01,9.601031533436568122e-01,1.000000000000000000e+00
-9.421412416369513432e-01,7.153502164296661470e-02,3.095078128544554441e-01,-5.502262560641640876e-01,-2.561152490190817324e-02,-1.830974787347130206e-01,-7.790034015303886061e-01,7.610201444331624043e-02,7.551325136875706168e-01,8.866192094724455464e-01,1.000000000000000000e+00
-9.366472646147525616e-01,-5.695346063398446512e-01,4.640369048293246368e-01,3.765847691200066572e-01,-3.424679041784186029e-01,-3.789083205490637041e-01,-3.382103745933479622e-01,-9.373451058243948975e-01,1.808980410031211516e-01,-2.244247054094832272e-01,1.000000000000000000e+00
-9.511442762086372849e-01,-9.094836045478210673e-01,3.811555866537101878e-01,9.381250602399859861e-02,-2.783231854505768266e-01,4.173459917801229935e-01,-3.130038979897341034e-01,-6.225435309422066021e-01,-3.475453696104195966e-01,7.058187566452386319e-01,1.000000000000000000e+00
8.128623250981031889e-01,4.903856663161560436e-01,-1.832007448146621238e-03,9.793113457286205525e-01,7.387294568854415600e-01,-8.252608786912186689e-01,3.075711428765167677e-01,-8.832363877694000553e-01,4.500217460868319308e-01,5.262257132773165980e-01,-1.000000000000000000e+00
8.415543062681222208e-01,-3.852223222395520508e-01,5.712520018978065606e-01,9.429284439659503247e-01,5.457233943378645424e-01,-9.339308355118602911e-01,3.443621557024999502e-01,-6.974590250519655532e-01,9.219298042324391984e-01,7.120198271428238579e-01,-1.000000000000000000e+00
-9.342801703817756875e-01,4.604217390983211255e-01,6.388440771401461271e-01,3.154722470123007549e-01,-7.585257752731981995e-01,2.764968092491293938e-01,-2.961807328747884660e-01,-8.548640018073874192e-01,9.574888566192212291e-01,-1.536139417461680201e-01,1.000000000000000000e+00
-9.627943841513264545e-01,-6.311239103890714519e-01,-3.309512320333247160e-01,6.260999351920840672e-01,5.081287428516273463e-01,9.535149184394413613e-01,-6.556142921743743912e-01,-5.743589531368574752e-01,-8.589966010059482682e-02,9.142538916356772460e-02,1.000000000000000000e+00
6.804193247563270486e-01,4.180666671350702912e-01,4.462463007266034842e-01,7.860884561751217969e-01,-5.758943667961430313e-01,-9.862288003272537962e-01,3.229180781816762269e-01,-8.861551543730437075e-01,1.491668554306903316e-01,9.563685475876410047e-01,-1.000000000000000000e+00
-3.965700729966284976e-01,-8.452651482528796834e-01,-3.065278930701276772e-01,8.239481120646319212e-01,-3.384526468375453900e-01,2.156867846235743513e-01,-6.989279671766260860e-01,-6.757307350953173364e-01,7.364804638490922706e-01,9.696604606066123733e-01,1.000000000000000000e+00
5.778807667341955279e-01,9.798026741881014079e-01,-1.650022078005746462e-01,9.399219342127413945e-01,-7.250419928017683979e-01,-9.737845281976248435e-01,-8.279787029199489612e-02,-9.649512146839781535e-01,5.898707341158591078e-01,8.780758074596969331e-01,-1.000000000000000000e+00
3.215869703978313510e-01,8.214111183331636035e-01,-6.579519311373782653e-01,9.700604819325285844e-01,-9.603130660080656522e-01,2.371092913979627459e-01,-7.183433178528104979e-02,-9.387935220768657274e-01,3.663107797447918701e-01,9.908031455785252239e-01,-1.000000000000000000e+00
-1.983725955494456128e-01,-4.345924063937002813e-01,1.425804220661037736e-01,5.439872388827686756e-01,9.400981916714555853e-01,3.724071186217175478e-01,-4.049706893609813507e-01,6.432535908743894915e-01,8.433594181929943145e-01,9.179507050245324651e-01,-1.000000000000000000e+00
